EventID,Desk,Trader,Book,BuySell,Quantity,BondID,Price,ExclusionType
2,NY,T2078717,NY02,buy,533.0,B35648,,NO_MARKET_PRICE
4,SYD,T8621521,SYD00,buy,555.0,B17266,,NO_MARKET_PRICE
5,LON,T6326422,LON04,buy,125.0,B38589,,NO_MARKET_PRICE
6,NY,T1087795,NY21,buy,531.0,B31538,,NO_MARKET_PRICE
7,HK,T5727593,HK11,buy,467.0,B34105,,NO_MARKET_PRICE
8,LON,T6326422,LON02,sell,703.0,B45918,,NO_MARKET_PRICE
17,NY,T4439875,NY44,sell,646.0,B45918,,NO_MARKET_PRICE
20,NY,T1087795,NY23,sell,681.0,B27558,,NO_MARKET_PRICE
27,TOK,T2697765,TOK02,sell,863.0,B27023,723.0,QUANTITY_OVERLIMIT
29,TOK,T3937126,TOK32,sell,745.0,B08521,,NO_MARKET_PRICE
31,LON,T6326422,LON04,sell,327.0,B35479,10479.75,QUANTITY_OVERLIMIT
36,NY,T1087795,NY20,buy,661.0,B18694,,NO_MARKET_PRICE
37,SYD,T5521536,SYD10,buy,402.0,B44611,,NO_MARKET_PRICE
38,NY,T1087795,NY22,sell,807.0,B02473,,NO_MARKET_PRICE
41,NY,T2078717,NY01,buy,772.0,B23639,,NO_MARKET_PRICE
55,SYD,T8621521,SYD03,buy,308.0,B48886,,NO_MARKET_PRICE
58,TOK,T3121807,TOK24,buy,591.0,B31538,,NO_MARKET_PRICE
61,LON,T6326422,LON04,sell,984.0,B45193,1996.52,QUANTITY_OVERLIMIT
63,SG,T9277645,SG13,buy,398.0,B23639,,NO_MARKET_PRICE
70,LON,T7210244,LON14,sell,614.0,B48886,,NO_MARKET_PRICE
74,LON,T7210244,LON14,sell,353.0,B45918,,NO_MARKET_PRICE
76,LON,T2121033,LON21,buy,678.0,B17266,,NO_MARKET_PRICE
77,SG,T5983248,SG02,sell,284.0,B47982,735.9,QUANTITY_OVERLIMIT
80,SG,T5983248,SG02,sell,141.0,B44611,,NO_MARKET_PRICE
81,SYD,T8621521,SYD03,sell,239.0,B04712,896.0,QUANTITY_OVERLIMIT
85,NY,T7375392,NY10,sell,434.0,B38589,,NO_MARKET_PRICE
86,NY,T4848015,NY34,sell,263.0,B16316,,NO_MARKET_PRICE
95,SYD,T5521536,SYD11,sell,315.0,B34105,,NO_MARKET_PRICE
97,NY,T7375392,NY10,buy,583.0,B17901,,NO_MARKET_PRICE
98,HK,T3179669,HK32,buy,475.0,B44611,,NO_MARKET_PRICE
99,TOK,T2697765,TOK00,buy,556.0,B08521,,NO_MARKET_PRICE
103,TOK,T3937126,TOK31,buy,164.0,B17266,,NO_MARKET_PRICE
109,SG,T5983248,SG00,buy,655.0,B03283,,NO_MARKET_PRICE
111,SG,T5983248,SG05,buy,220.0,B45918,,NO_MARKET_PRICE
114,TOK,T2697765,TOK04,buy,375.0,B45918,,NO_MARKET_PRICE
120,SG,T9277645,SG12,sell,813.0,B44611,,NO_MARKET_PRICE
123,SYD,T8621521,SYD00,sell,623.0,B25841,9982.71,QUANTITY_OVERLIMIT
128,LON,T6326422,LON03,sell,854.0,B25841,9982.71,QUANTITY_OVERLIMIT
130,HK,T3179669,HK33,buy,877.0,B45918,,NO_MARKET_PRICE
131,HK,T6189452,HK23,buy,917.0,B45214,,NO_MARKET_PRICE
132,SG,T5983248,SG04,sell,249.0,B05609,142664.0,QUANTITY_OVERLIMIT
137,LON,T6326422,LON02,sell,246.0,B10340,9476.14,QUANTITY_OVERLIMIT
138,NY,T4848015,NY34,sell,728.0,B47982,729.35,QUANTITY_OVERLIMIT
140,NY,T4439875,NY42,sell,959.0,B28917,1281.68,QUANTITY_OVERLIMIT
141,LON,T2121033,LON20,sell,942.0,B35479,6124.8,QUANTITY_OVERLIMIT
145,SG,T9564084,SG23,sell,478.0,B11094,,NO_MARKET_PRICE
147,HK,T6189452,HK22,sell,443.0,B27023,723.0,QUANTITY_OVERLIMIT
148,HK,T6189452,HK23,sell,894.0,B35648,107142.0,QUANTITY_OVERLIMIT
149,SYD,T8621521,SYD02,sell,171.0,B48886,,NO_MARKET_PRICE
151,TOK,T3937126,TOK32,sell,266.0,B47982,729.35,QUANTITY_OVERLIMIT
153,HK,T3800229,HK00,buy,407.0,B31538,,NO_MARKET_PRICE
154,TOK,T3121807,TOK25,buy,908.0,B44611,,NO_MARKET_PRICE
158,SYD,T5521536,SYD13,sell,208.0,B17901,,NO_MARKET_PRICE
168,SYD,T5521536,SYD13,sell,381.0,B27558,5918.2,QUANTITY_OVERLIMIT
169,NY,T4848015,NY31,sell,473.0,B05609,142664.0,QUANTITY_OVERLIMIT
172,LON,T6326422,LON03,sell,650.0,B35479,6124.8,QUANTITY_OVERLIMIT
179,NY,T4848015,NY33,sell,218.0,B02473,6068.16,QUANTITY_OVERLIMIT
181,TOK,T9108891,TOK10,sell,786.0,B04712,896.0,QUANTITY_OVERLIMIT
190,NY,T4848015,NY33,sell,844.0,B25841,9982.71,QUANTITY_OVERLIMIT
200,NY,T4848015,NY31,sell,496.0,B31538,,NO_MARKET_PRICE
203,LON,T6326422,LON03,sell,752.0,B11094,,NO_MARKET_PRICE
206,TOK,T3121807,TOK23,sell,142.0,B17266,,NO_MARKET_PRICE
212,LON,T6326422,LON04,sell,890.0,B18694,1511.51,QUANTITY_OVERLIMIT
213,NY,T2078717,NY00,sell,298.0,B02473,6068.16,QUANTITY_OVERLIMIT
214,NY,T1087795,NY21,sell,969.0,B11094,,NO_MARKET_PRICE
215,SG,T9564084,SG20,buy,641.0,B48886,,NO_MARKET_PRICE
220,HK,T3179669,HK30,sell,420.0,B28659,170940.0,QUANTITY_OVERLIMIT
229,TOK,T3121807,TOK24,sell,156.0,B11094,,NO_MARKET_PRICE
232,HK,T3179669,HK31,sell,329.0,B03283,2243.86,QUANTITY_OVERLIMIT
233,TOK,T3121807,TOK25,sell,654.0,B31538,849.66,QUANTITY_OVERLIMIT
234,TOK,T3937126,TOK32,sell,591.0,B35648,193033.0,QUANTITY_OVERLIMIT
236,HK,T5727593,HK13,sell,132.0,B45918,8242.56,QUANTITY_OVERLIMIT
240,LON,T6326422,LON02,sell,980.0,B17901,825.03,QUANTITY_OVERLIMIT
241,SYD,T5521536,SYD13,sell,936.0,B27023,723.0,QUANTITY_OVERLIMIT
245,HK,T5727593,HK14,sell,684.0,B27558,5918.2,QUANTITY_OVERLIMIT
256,HK,T3179669,HK33,sell,902.0,B08521,7962.9,QUANTITY_OVERLIMIT
258,HK,T6189452,HK22,sell,491.0,B03283,1188.27,QUANTITY_OVERLIMIT
260,TOK,T2697765,TOK00,sell,354.0,B38589,,NO_MARKET_PRICE
281,SG,T9564084,SG20,sell,760.0,B28659,170940.0,QUANTITY_OVERLIMIT
288,TOK,T3937126,TOK33,sell,342.0,B18694,1511.51,QUANTITY_OVERLIMIT
293,HK,T3800229,HK04,buy,601.0,B11094,,NO_MARKET_PRICE
295,SG,T9277645,SG12,buy,611.0,B23639,,NO_MARKET_PRICE
296,NY,T1087795,NY21,buy,806.0,B11094,,NO_MARKET_PRICE
298,SYD,T5521536,SYD11,sell,372.0,B31538,1610.0,QUANTITY_OVERLIMIT
300,SG,T5983248,SG02,sell,692.0,B31214,504.0,QUANTITY_OVERLIMIT
304,SG,T9564084,SG20,sell,338.0,B16316,1159.0,QUANTITY_OVERLIMIT
317,LON,T6326422,LON01,sell,285.0,B01774,1726.56,QUANTITY_OVERLIMIT
328,HK,T6189452,HK23,sell,828.0,B45918,9596.88,QUANTITY_OVERLIMIT
332,SYD,T8621521,SYD02,sell,393.0,B23639,,NO_MARKET_PRICE
336,SG,T9277645,SG13,sell,786.0,B35479,9157.98,QUANTITY_OVERLIMIT
339,LON,T7210244,LON10,sell,439.0,B02473,6112.99,QUANTITY_OVERLIMIT
345,NY,T4848015,NY33,sell,995.0,B27558,5918.2,QUANTITY_OVERLIMIT
349,LON,T2121033,LON22,sell,382.0,B05609,142664.0,QUANTITY_OVERLIMIT
350,HK,T5727593,HK10,sell,604.0,B48886,8663.94,QUANTITY_OVERLIMIT
352,SG,T9564084,SG20,sell,119.0,B45193,2531.69,QUANTITY_OVERLIMIT
359,LON,T7210244,LON14,sell,465.0,B45193,2531.69,QUANTITY_OVERLIMIT
361,SYD,T8621521,SYD00,sell,656.0,B17901,1564.5,QUANTITY_OVERLIMIT
377,HK,T5727593,HK13,sell,801.0,B28659,70242.0,QUANTITY_OVERLIMIT
400,HK,T6189452,HK20,sell,452.0,B45214,188760.0,QUANTITY_OVERLIMIT
401,TOK,T3937126,TOK30,sell,318.0,B05609,181104.0,QUANTITY_OVERLIMIT
402,NY,T4439875,NY40,sell,647.0,B23639,2319.81,QUANTITY_OVERLIMIT
404,NY,T4848015,NY31,sell,420.0,B31214,504.0,QUANTITY_OVERLIMIT
406,SG,T9564084,SG22,sell,101.0,B17901,1564.5,QUANTITY_OVERLIMIT
410,HK,T6189452,HK20,sell,538.0,B04712,673.0,QUANTITY_OVERLIMIT
412,TOK,T3937126,TOK33,sell,178.0,B45214,188760.0,QUANTITY_OVERLIMIT
419,SG,T9564084,SG23,sell,700.0,B28659,70242.0,QUANTITY_OVERLIMIT
425,SG,T9564084,SG22,sell,173.0,B31538,1743.72,QUANTITY_OVERLIMIT
429,NY,T4439875,NY40,sell,325.0,B34105,953.64,QUANTITY_OVERLIMIT
430,HK,T3800229,HK00,sell,894.0,B31538,1743.72,QUANTITY_OVERLIMIT
431,NY,T2078717,NY01,sell,305.0,B08521,9669.0,QUANTITY_OVERLIMIT
434,SG,T9564084,SG23,sell,915.0,B28659,70242.0,QUANTITY_OVERLIMIT
451,SG,T9277645,SG13,sell,981.0,B47982,1731.51,QUANTITY_OVERLIMIT
452,SG,T9564084,SG21,sell,114.0,B44611,718.0,QUANTITY_OVERLIMIT
457,HK,T5727593,HK12,sell,177.0,B27023,723.0,QUANTITY_OVERLIMIT
458,NY,T4848015,NY30,sell,174.0,B05609,129228.0,QUANTITY_OVERLIMIT
464,NY,T4848015,NY30,sell,983.0,B45214,188760.0,QUANTITY_OVERLIMIT
470,LON,T2121033,LON20,sell,694.0,B04712,673.0,QUANTITY_OVERLIMIT
474,SYD,T8621521,SYD00,sell,323.0,B17266,135240.0,QUANTITY_OVERLIMIT
482,SYD,T8621521,SYD01,sell,437.0,B11094,9863.7,QUANTITY_OVERLIMIT
496,TOK,T3937126,TOK31,sell,251.0,B01774,1726.56,QUANTITY_OVERLIMIT
498,TOK,T3121807,TOK22,sell,805.0,B45193,1322.02,QUANTITY_OVERLIMIT
500,NY,T1087795,NY21,sell,771.0,B35648,126852.0,QUANTITY_OVERLIMIT
506,NY,T2078717,NY02,sell,963.0,B28659,70242.0,QUANTITY_OVERLIMIT
514,HK,T6189452,HK22,sell,438.0,B18694,892.32,QUANTITY_OVERLIMIT
524,LON,T2121033,LON24,sell,703.0,B05609,123140.0,QUANTITY_OVERLIMIT
533,TOK,T2697765,TOK03,sell,480.0,B45918,4167.06,QUANTITY_OVERLIMIT
536,TOK,T3121807,TOK23,sell,468.0,B01774,1726.56,QUANTITY_OVERLIMIT
542,SG,T9277645,SG12,sell,616.0,B05609,171248.0,QUANTITY_OVERLIMIT
548,NY,T7375392,NY12,sell,970.0,B18694,892.32,QUANTITY_OVERLIMIT
549,TOK,T3121807,TOK22,sell,726.0,B47982,1731.51,QUANTITY_OVERLIMIT
551,TOK,T3121807,TOK24,sell,218.0,B48886,6856.08,QUANTITY_OVERLIMIT
577,NY,T4439875,NY42,sell,376.0,B35479,9257.68,QUANTITY_OVERLIMIT
580,NY,T4848015,NY34,sell,755.0,B03283,2060.44,QUANTITY_OVERLIMIT
581,TOK,T3937126,TOK31,sell,459.0,B16316,1415.0,QUANTITY_OVERLIMIT
582,LON,T2121033,LON22,sell,404.0,B35479,9257.68,QUANTITY_OVERLIMIT
584,LON,T6326422,LON01,sell,648.0,B01774,1681.68,QUANTITY_OVERLIMIT
589,SG,T5983248,SG00,sell,860.0,B01774,1681.68,QUANTITY_OVERLIMIT
610,SG,T5983248,SG00,sell,558.0,B08521,8659.56,QUANTITY_OVERLIMIT
611,TOK,T3121807,TOK22,sell,711.0,B18694,1032.0,QUANTITY_OVERLIMIT
619,TOK,T3121807,TOK25,sell,750.0,B25841,8025.6,QUANTITY_OVERLIMIT
621,HK,T6189452,HK22,sell,106.0,B27023,723.0,QUANTITY_OVERLIMIT
622,LON,T7210244,LON11,sell,174.0,B16316,517.0,QUANTITY_OVERLIMIT
641,SG,T9564084,SG21,sell,699.0,B31214,1320.0,QUANTITY_OVERLIMIT
648,SG,T9277645,SG14,sell,217.0,B31214,1320.0,QUANTITY_OVERLIMIT
659,SG,T5983248,SG00,sell,786.0,B08521,8515.0,QUANTITY_OVERLIMIT
668,LON,T6326422,LON04,sell,352.0,B17901,1564.5,QUANTITY_OVERLIMIT
675,HK,T6189452,HK20,sell,965.0,B47982,882.36,QUANTITY_OVERLIMIT
684,HK,T3179669,HK31,sell,265.0,B38589,7986.86,QUANTITY_OVERLIMIT
685,SG,T9564084,SG20,sell,354.0,B48886,9333.32,QUANTITY_OVERLIMIT
695,SG,T5983248,SG04,sell,377.0,B03283,2060.44,QUANTITY_OVERLIMIT
699,SG,T9564084,SG22,sell,247.0,B16316,851.0,QUANTITY_OVERLIMIT
702,NY,T4439875,NY41,sell,456.0,B25841,8025.6,QUANTITY_OVERLIMIT
715,SG,T5983248,SG05,sell,773.0,B08521,8768.26,QUANTITY_OVERLIMIT
718,SG,T5983248,SG03,sell,542.0,B47982,1536.15,QUANTITY_OVERLIMIT
721,TOK,T2697765,TOK00,sell,996.0,B28917,1393.91,QUANTITY_OVERLIMIT
722,HK,T5727593,HK10,sell,608.0,B17901,1423.8,QUANTITY_OVERLIMIT
727,TOK,T3121807,TOK25,sell,275.0,B05609,131537.0,QUANTITY_OVERLIMIT
736,NY,T4439875,NY42,sell,904.0,B34105,2080.79,QUANTITY_OVERLIMIT
741,NY,T2078717,NY03,sell,285.0,B08521,8768.26,QUANTITY_OVERLIMIT
743,HK,T6189452,HK20,sell,897.0,B17901,1423.8,QUANTITY_OVERLIMIT
756,SG,T5983248,SG02,sell,457.0,B02473,7074.12,QUANTITY_OVERLIMIT
758,TOK,T3937126,TOK32,sell,223.0,B04712,1169.0,QUANTITY_OVERLIMIT
760,HK,T3179669,HK31,sell,310.0,B10340,7815.41,QUANTITY_OVERLIMIT
770,HK,T3800229,HK04,sell,243.0,B35479,6311.58,QUANTITY_OVERLIMIT
777,NY,T2078717,NY03,sell,156.0,B35479,6311.58,QUANTITY_OVERLIMIT
782,HK,T3800229,HK04,sell,617.0,B27558,4494.0,QUANTITY_OVERLIMIT
784,HK,T5727593,HK10,sell,151.0,B04712,1169.0,QUANTITY_OVERLIMIT
785,LON,T6326422,LON03,sell,305.0,B31214,1144.0,QUANTITY_OVERLIMIT
790,LON,T2121033,LON23,sell,954.0,B18694,2453.54,QUANTITY_OVERLIMIT
791,HK,T5727593,HK12,sell,183.0,B27558,4494.0,QUANTITY_OVERLIMIT
792,SG,T9564084,SG21,sell,562.0,B45918,4467.76,QUANTITY_OVERLIMIT
805,NY,T4439875,NY44,sell,729.0,B28917,1393.91,QUANTITY_OVERLIMIT
813,NY,T2078717,NY01,sell,243.0,B03283,997.16,QUANTITY_OVERLIMIT
815,SG,T5983248,SG04,sell,404.0,B17266,173432.0,QUANTITY_OVERLIMIT
817,TOK,T9108891,TOK10,sell,398.0,B47982,2425.9,QUANTITY_OVERLIMIT
818,HK,T3179669,HK32,sell,795.0,B05609,131537.0,QUANTITY_OVERLIMIT
821,NY,T4848015,NY33,sell,172.0,B34105,2080.79,QUANTITY_OVERLIMIT
825,NY,T4848015,NY34,sell,201.0,B17901,2180.52,QUANTITY_OVERLIMIT
828,NY,T7375392,NY13,sell,123.0,B10340,7435.56,QUANTITY_OVERLIMIT
837,NY,T1087795,NY23,sell,367.0,B27558,4494.0,QUANTITY_OVERLIMIT
839,NY,T1087795,NY22,sell,161.0,B05609,131537.0,QUANTITY_OVERLIMIT
843,HK,T3800229,HK03,sell,699.0,B11094,8970.39,QUANTITY_OVERLIMIT
849,NY,T4439875,NY43,sell,837.0,B45193,1563.54,QUANTITY_OVERLIMIT
852,NY,T4848015,NY31,sell,402.0,B25841,4186.16,QUANTITY_OVERLIMIT
854,SG,T9277645,SG11,sell,123.0,B10340,7435.56,QUANTITY_OVERLIMIT
862,NY,T2078717,NY03,sell,849.0,B17266,69692.0,QUANTITY_OVERLIMIT
872,LON,T6326422,LON03,sell,561.0,B34105,1027.54,QUANTITY_OVERLIMIT
877,TOK,T3937126,TOK33,sell,547.0,B04712,1169.0,QUANTITY_OVERLIMIT
880,LON,T6326422,LON04,sell,726.0,B28917,1393.91,QUANTITY_OVERLIMIT
891,NY,T4439875,NY40,sell,896.0,B45214,153039.0,QUANTITY_OVERLIMIT
919,SYD,T8621521,SYD02,sell,207.0,B31538,1702.5,QUANTITY_OVERLIMIT
925,SG,T5983248,SG01,sell,253.0,B11094,8113.5,QUANTITY_OVERLIMIT
934,NY,T4848015,NY30,sell,930.0,B11094,8113.5,QUANTITY_OVERLIMIT
935,LON,T6326422,LON00,sell,682.0,B31214,1144.0,QUANTITY_OVERLIMIT
946,TOK,T3121807,TOK24,sell,299.0,B08521,6622.05,QUANTITY_OVERLIMIT
948,LON,T6326422,LON02,sell,861.0,B17266,69160.0,QUANTITY_OVERLIMIT
959,NY,T1087795,NY21,sell,787.0,B35648,126324.0,QUANTITY_OVERLIMIT
969,SG,T9564084,SG20,sell,755.0,B18694,1369.5,QUANTITY_OVERLIMIT
971,TOK,T3121807,TOK24,sell,592.0,B44611,1117.0,QUANTITY_OVERLIMIT
974,HK,T5727593,HK11,sell,744.0,B27023,1417.0,QUANTITY_OVERLIMIT
977,TOK,T9108891,TOK12,sell,542.0,B17266,69160.0,QUANTITY_OVERLIMIT
985,SG,T5983248,SG00,sell,139.0,B45918,3967.2,QUANTITY_OVERLIMIT
991,LON,T2121033,LON23,sell,322.0,B04712,1480.0,QUANTITY_OVERLIMIT
994,NY,T4439875,NY40,sell,420.0,B11094,8113.5,QUANTITY_OVERLIMIT
999,TOK,T9108891,TOK10,sell,339.0,B04712,1480.0,QUANTITY_OVERLIMIT
1009,SYD,T8621521,SYD01,sell,381.0,B03283,1621.2,QUANTITY_OVERLIMIT
1012,LON,T7210244,LON12,sell,426.0,B04712,1094.0,QUANTITY_OVERLIMIT
1021,LON,T2121033,LON20,sell,563.0,B01774,1840.08,QUANTITY_OVERLIMIT
1030,NY,T2078717,NY00,sell,901.0,B28917,1451.8,QUANTITY_OVERLIMIT
1032,LON,T2121033,LON25,sell,761.0,B34105,1535.92,QUANTITY_OVERLIMIT
1037,SYD,T8621521,SYD03,sell,333.0,B45193,1004.64,QUANTITY_OVERLIMIT
1048,SG,T5983248,SG02,sell,561.0,B34105,1535.92,QUANTITY_OVERLIMIT
1054,HK,T3800229,HK01,sell,939.0,B35479,6089.98,QUANTITY_OVERLIMIT
1056,NY,T1087795,NY20,sell,798.0,B35479,6089.98,QUANTITY_OVERLIMIT
1080,LON,T2121033,LON20,sell,352.0,B16316,1036.0,QUANTITY_OVERLIMIT
1086,TOK,T3937126,TOK32,sell,366.0,B18694,1702.74,QUANTITY_OVERLIMIT
1097,SG,T9277645,SG13,sell,737.0,B45214,107065.0,QUANTITY_OVERLIMIT
1100,SG,T9564084,SG22,sell,384.0,B28917,1451.8,QUANTITY_OVERLIMIT
1104,LON,T2121033,LON23,sell,297.0,B10340,9569.0,QUANTITY_OVERLIMIT
1107,NY,T4439875,NY41,sell,781.0,B28659,173837.0,QUANTITY_OVERLIMIT
1109,NY,T7375392,NY11,sell,563.0,B16316,1036.0,QUANTITY_OVERLIMIT
1125,TOK,T9108891,TOK10,sell,562.0,B18694,1317.26,QUANTITY_OVERLIMIT
1129,NY,T2078717,NY03,sell,705.0,B05609,172620.0,QUANTITY_OVERLIMIT
1141,TOK,T2697765,TOK02,sell,290.0,B31538,1956.05,QUANTITY_OVERLIMIT
1143,TOK,T3121807,TOK20,sell,264.0,B25841,8617.5,QUANTITY_OVERLIMIT
1147,LON,T2121033,LON22,sell,261.0,B02473,7531.65,QUANTITY_OVERLIMIT
1148,HK,T3179669,HK32,sell,717.0,B02473,7531.65,QUANTITY_OVERLIMIT
1158,LON,T7210244,LON10,sell,727.0,B16316,1036.0,QUANTITY_OVERLIMIT
1161,NY,T1087795,NY23,sell,143.0,B03283,1170.4,QUANTITY_OVERLIMIT
1162,NY,T4848015,NY35,sell,452.0,B35479,4954.11,QUANTITY_OVERLIMIT
1165,LON,T6326422,LON00,sell,798.0,B48886,8790.0,QUANTITY_OVERLIMIT
1170,NY,T4439875,NY42,sell,127.0,B27023,939.0,QUANTITY_OVERLIMIT
1176,LON,T7210244,LON12,sell,763.0,B45193,2015.86,QUANTITY_OVERLIMIT
1178,NY,T7375392,NY11,sell,278.0,B17901,713.4,QUANTITY_OVERLIMIT
1187,SG,T9564084,SG22,sell,641.0,B34105,1264.87,QUANTITY_OVERLIMIT
1190,TOK,T2697765,TOK03,sell,780.0,B45918,4928.79,QUANTITY_OVERLIMIT
1197,TOK,T9108891,TOK10,sell,639.0,B17901,713.4,QUANTITY_OVERLIMIT
1206,TOK,T3121807,TOK25,sell,177.0,B17901,713.4,QUANTITY_OVERLIMIT
1208,HK,T3179669,HK31,sell,777.0,B48886,6018.15,QUANTITY_OVERLIMIT
1212,SG,T5983248,SG00,sell,201.0,B17266,78207.0,QUANTITY_OVERLIMIT
1214,TOK,T3121807,TOK25,sell,220.0,B27558,10203.36,QUANTITY_OVERLIMIT
1217,SG,T9277645,SG12,sell,430.0,B44611,1253.0,QUANTITY_OVERLIMIT
1235,HK,T3179669,HK32,sell,112.0,B34105,897.75,QUANTITY_OVERLIMIT
1241,NY,T4439875,NY43,sell,346.0,B23639,1868.8,QUANTITY_OVERLIMIT
1242,HK,T3179669,HK30,sell,435.0,B31214,1281.0,QUANTITY_OVERLIMIT
1246,LON,T2121033,LON20,sell,820.0,B17901,713.4,QUANTITY_OVERLIMIT
1252,SG,T5983248,SG03,sell,551.0,B45193,2015.86,QUANTITY_OVERLIMIT
1253,NY,T1087795,NY21,sell,181.0,B38589,6396.36,QUANTITY_OVERLIMIT
1264,SG,T5983248,SG05,sell,228.0,B47982,1477.12,QUANTITY_OVERLIMIT
1266,HK,T3800229,HK02,sell,871.0,B02473,7735.35,QUANTITY_OVERLIMIT
1273,HK,T6189452,HK23,sell,212.0,B25841,6317.6,QUANTITY_OVERLIMIT
1276,HK,T5727593,HK13,sell,293.0,B45214,152685.0,QUANTITY_OVERLIMIT
1281,NY,T1087795,NY20,sell,571.0,B10340,8792.7,QUANTITY_OVERLIMIT
1291,NY,T2078717,NY01,sell,230.0,B48886,7826.52,QUANTITY_OVERLIMIT
1302,NY,T2078717,NY03,sell,804.0,B35648,122544.0,QUANTITY_OVERLIMIT
1305,LON,T2121033,LON22,sell,272.0,B27558,5939.17,QUANTITY_OVERLIMIT
1306,LON,T2121033,LON24,sell,913.0,B45918,4026.7,QUANTITY_OVERLIMIT
1309,NY,T7375392,NY12,sell,506.0,B17266,160888.0,QUANTITY_OVERLIMIT
1326,TOK,T3121807,TOK21,sell,451.0,B18694,1326.01,QUANTITY_OVERLIMIT
1330,SG,T9277645,SG13,sell,727.0,B38589,3845.8,QUANTITY_OVERLIMIT
1331,SG,T9277645,SG13,sell,886.0,B35648,122544.0,QUANTITY_OVERLIMIT
1335,HK,T6189452,HK23,sell,555.0,B28659,173837.0,QUANTITY_OVERLIMIT
1341,SG,T9277645,SG14,sell,178.0,B31214,712.0,QUANTITY_OVERLIMIT
1353,NY,T1087795,NY21,sell,594.0,B16316,601.0,QUANTITY_OVERLIMIT
1359,SG,T5983248,SG01,sell,360.0,B28659,74504.0,QUANTITY_OVERLIMIT
1363,NY,T4848015,NY33,sell,655.0,B45193,2015.86,QUANTITY_OVERLIMIT
1364,HK,T3179669,HK32,sell,440.0,B05609,183793.0,QUANTITY_OVERLIMIT
1367,SG,T9564084,SG21,sell,732.0,B23639,2058.74,QUANTITY_OVERLIMIT
1374,SG,T5983248,SG05,sell,542.0,B25841,6317.6,QUANTITY_OVERLIMIT
1377,SG,T9277645,SG14,sell,871.0,B28917,1451.8,QUANTITY_OVERLIMIT
1378,NY,T4848015,NY34,sell,570.0,B11094,8970.77,QUANTITY_OVERLIMIT
1384,SG,T5983248,SG05,sell,686.0,B47982,1477.12,QUANTITY_OVERLIMIT
1387,SG,T9277645,SG11,sell,709.0,B28917,1451.8,QUANTITY_OVERLIMIT
1388,HK,T3179669,HK30,sell,240.0,B23639,2058.74,QUANTITY_OVERLIMIT
1393,HK,T3800229,HK01,sell,199.0,B44611,1414.0,QUANTITY_OVERLIMIT
1408,SYD,T5521536,SYD11,sell,319.0,B02473,5274.4,QUANTITY_OVERLIMIT
1411,SYD,T5521536,SYD10,sell,796.0,B45214,152685.0,QUANTITY_OVERLIMIT
1414,NY,T4439875,NY42,sell,885.0,B35648,181697.0,QUANTITY_OVERLIMIT
1418,LON,T6326422,LON03,sell,490.0,B18694,1556.94,QUANTITY_OVERLIMIT
1420,NY,T4848015,NY34,sell,877.0,B38589,3845.8,QUANTITY_OVERLIMIT
1423,HK,T3800229,HK03,sell,330.0,B44611,1414.0,QUANTITY_OVERLIMIT
1426,LON,T6326422,LON04,sell,487.0,B11094,6560.32,QUANTITY_OVERLIMIT
1434,LON,T2121033,LON20,sell,517.0,B35479,10483.44,QUANTITY_OVERLIMIT
1435,LON,T7210244,LON13,sell,131.0,B34105,1343.1,QUANTITY_OVERLIMIT
1446,HK,T3179669,HK32,sell,242.0,B04712,1411.0,QUANTITY_OVERLIMIT
1448,SG,T9564084,SG21,sell,464.0,B45193,975.26,QUANTITY_OVERLIMIT
1451,TOK,T2697765,TOK02,sell,948.0,B27023,939.0,QUANTITY_OVERLIMIT
1452,NY,T7375392,NY13,sell,955.0,B03283,1084.15,QUANTITY_OVERLIMIT
1458,HK,T3800229,HK04,sell,482.0,B31214,1242.0,QUANTITY_OVERLIMIT
1461,LON,T7210244,LON12,sell,261.0,B27023,939.0,QUANTITY_OVERLIMIT
1479,TOK,T2697765,TOK03,sell,525.0,B28659,114402.0,QUANTITY_OVERLIMIT
1481,TOK,T3937126,TOK33,sell,131.0,B11094,5846.76,QUANTITY_OVERLIMIT
1483,NY,T1087795,NY22,sell,194.0,B11094,5846.76,QUANTITY_OVERLIMIT
1525,SYD,T5521536,SYD10,sell,787.0,B27023,1139.0,QUANTITY_OVERLIMIT
1531,SYD,T5521536,SYD11,sell,481.0,B35648,181697.0,QUANTITY_OVERLIMIT
1537,LON,T6326422,LON02,sell,800.0,B03283,1084.15,QUANTITY_OVERLIMIT
1556,NY,T7375392,NY13,sell,291.0,B48886,8443.4,QUANTITY_OVERLIMIT
1561,SG,T5983248,SG05,sell,749.0,B10340,6353.76,QUANTITY_OVERLIMIT
1563,NY,T1087795,NY22,sell,436.0,B45918,3271.8,QUANTITY_OVERLIMIT
1566,HK,T5727593,HK10,sell,872.0,B03283,1213.62,QUANTITY_OVERLIMIT
1577,TOK,T9108891,TOK13,sell,742.0,B16316,728.0,QUANTITY_OVERLIMIT
1579,TOK,T3937126,TOK32,sell,505.0,B38589,9162.66,QUANTITY_OVERLIMIT
1586,NY,T2078717,NY04,sell,273.0,B03283,1213.62,QUANTITY_OVERLIMIT
1588,NY,T4848015,NY35,sell,383.0,B04712,850.0,QUANTITY_OVERLIMIT
1604,HK,T3800229,HK04,sell,791.0,B05609,146506.0,QUANTITY_OVERLIMIT
1614,NY,T7375392,NY12,sell,991.0,B45918,8427.76,QUANTITY_OVERLIMIT
1617,NY,T4439875,NY44,sell,841.0,B45193,1398.91,QUANTITY_OVERLIMIT
1620,NY,T2078717,NY01,sell,385.0,B17901,1746.6,QUANTITY_OVERLIMIT
1629,HK,T3800229,HK00,sell,262.0,B23639,1995.88,QUANTITY_OVERLIMIT
1634,TOK,T3121807,TOK22,sell,477.0,B35479,10697.76,QUANTITY_OVERLIMIT
1635,NY,T4439875,NY44,sell,756.0,B34105,1460.47,QUANTITY_OVERLIMIT
1638,LON,T6326422,LON03,sell,779.0,B11094,5661.81,QUANTITY_OVERLIMIT
1652,TOK,T3121807,TOK23,sell,787.0,B28917,700.35,QUANTITY_OVERLIMIT
1653,NY,T1087795,NY20,sell,662.0,B17266,123571.0,QUANTITY_OVERLIMIT
1654,HK,T3800229,HK04,sell,281.0,B44611,1261.0,QUANTITY_OVERLIMIT
1666,HK,T5727593,HK12,sell,372.0,B17266,123571.0,QUANTITY_OVERLIMIT
1674,NY,T4848015,NY33,sell,246.0,B01774,1530.9,QUANTITY_OVERLIMIT
1679,TOK,T3121807,TOK22,sell,348.0,B08521,7135.25,QUANTITY_OVERLIMIT
1683,NY,T7375392,NY10,sell,695.0,B17901,1746.6,QUANTITY_OVERLIMIT
1691,SG,T5983248,SG03,sell,688.0,B44611,1261.0,QUANTITY_OVERLIMIT
1698,TOK,T9108891,TOK10,sell,968.0,B45193,1918.62,QUANTITY_OVERLIMIT
1702,HK,T5727593,HK11,sell,230.0,B38589,9162.66,QUANTITY_OVERLIMIT
1706,NY,T7375392,NY10,sell,573.0,B45193,1918.62,QUANTITY_OVERLIMIT
1723,SYD,T5521536,SYD10,sell,731.0,B31538,2065.5,QUANTITY_OVERLIMIT
1730,SG,T9277645,SG12,sell,794.0,B01774,1530.9,QUANTITY_OVERLIMIT
1731,LON,T6326422,LON01,sell,202.0,B28917,1756.3,QUANTITY_OVERLIMIT
1737,TOK,T9108891,TOK13,sell,983.0,B27558,3829.05,QUANTITY_OVERLIMIT
1739,LON,T2121033,LON21,sell,994.0,B11094,3880.08,QUANTITY_OVERLIMIT
1758,TOK,T3121807,TOK20,sell,794.0,B27558,3829.05,QUANTITY_OVERLIMIT
1770,HK,T6189452,HK21,sell,215.0,B34105,2403.13,QUANTITY_OVERLIMIT
1776,SYD,T5521536,SYD13,sell,860.0,B16316,1121.0,QUANTITY_OVERLIMIT
1783,TOK,T3121807,TOK21,sell,650.0,B01774,2685.2,QUANTITY_OVERLIMIT
1785,SYD,T8621521,SYD01,sell,101.0,B28659,125629.0,QUANTITY_OVERLIMIT
1798,HK,T3179669,HK32,sell,167.0,B45193,1918.62,QUANTITY_OVERLIMIT
1803,HK,T3800229,HK01,sell,575.0,B08521,7694.82,QUANTITY_OVERLIMIT
1804,SG,T9277645,SG13,sell,394.0,B11094,3847.41,QUANTITY_OVERLIMIT
1812,TOK,T2697765,TOK03,sell,792.0,B35648,188238.0,QUANTITY_OVERLIMIT
1817,NY,T4848015,NY34,sell,447.0,B44611,1261.0,QUANTITY_OVERLIMIT
1849,TOK,T2697765,TOK02,sell,234.0,B23639,1012.69,QUANTITY_OVERLIMIT
1853,TOK,T3937126,TOK31,sell,154.0,B17901,1516.32,QUANTITY_OVERLIMIT
1856,TOK,T2697765,TOK02,sell,241.0,B35648,179881.0,QUANTITY_OVERLIMIT
1863,SG,T9277645,SG11,sell,700.0,B04712,536.0,QUANTITY_OVERLIMIT
1868,SG,T5983248,SG02,sell,399.0,B31214,720.0,QUANTITY_OVERLIMIT
1869,LON,T6326422,LON02,sell,403.0,B28659,136589.0,QUANTITY_OVERLIMIT
1875,NY,T4848015,NY32,sell,632.0,B18694,1592.93,QUANTITY_OVERLIMIT
1883,LON,T7210244,LON11,sell,798.0,B01774,1077.33,QUANTITY_OVERLIMIT
1888,TOK,T9108891,TOK11,sell,461.0,B28659,136589.0,QUANTITY_OVERLIMIT
1891,NY,T4848015,NY31,sell,819.0,B27023,1370.0,QUANTITY_OVERLIMIT
1895,NY,T2078717,NY04,sell,492.0,B25841,4693.89,QUANTITY_OVERLIMIT
1896,SYD,T8621521,SYD03,sell,804.0,B27558,3829.05,QUANTITY_OVERLIMIT
1898,TOK,T3121807,TOK25,sell,561.0,B28659,136589.0,QUANTITY_OVERLIMIT
1901,NY,T7375392,NY12,sell,994.0,B10340,4577.09,QUANTITY_OVERLIMIT
1910,HK,T6189452,HK22,sell,313.0,B11094,6426.0,QUANTITY_OVERLIMIT
1911,NY,T4848015,NY31,sell,230.0,B03283,2029.17,QUANTITY_OVERLIMIT
1912,LON,T2121033,LON23,sell,297.0,B25841,4693.89,QUANTITY_OVERLIMIT
1920,NY,T4439875,NY42,sell,985.0,B35648,118150.0,QUANTITY_OVERLIMIT
1928,HK,T3800229,HK00,sell,198.0,B04712,889.0,QUANTITY_OVERLIMIT
1930,LON,T7210244,LON14,sell,521.0,B28659,136589.0,QUANTITY_OVERLIMIT
1941,HK,T5727593,HK12,sell,265.0,B02473,10333.15,QUANTITY_OVERLIMIT
1945,SYD,T8621521,SYD01,sell,713.0,B31214,720.0,QUANTITY_OVERLIMIT
1951,SYD,T5521536,SYD11,sell,919.0,B45214,79186.0,QUANTITY_OVERLIMIT
1959,TOK,T3121807,TOK23,sell,483.0,B01774,1404.42,QUANTITY_OVERLIMIT
1965,TOK,T3121807,TOK24,sell,672.0,B17266,77694.0,QUANTITY_OVERLIMIT
1975,NY,T4848015,NY33,sell,413.0,B28917,2142.93,QUANTITY_OVERLIMIT
1976,SYD,T5521536,SYD10,sell,258.0,B35648,118150.0,QUANTITY_OVERLIMIT
1983,TOK,T3937126,TOK31,sell,664.0,B16316,839.0,QUANTITY_OVERLIMIT
1991,LON,T2121033,LON22,sell,728.0,B08521,8171.04,QUANTITY_OVERLIMIT
1992,TOK,T3121807,TOK22,sell,981.0,B02473,7003.0,QUANTITY_OVERLIMIT
1998,LON,T2121033,LON25,sell,885.0,B18694,1256.78,QUANTITY_OVERLIMIT
2013,SG,T5983248,SG00,sell,116.0,B01774,1404.42,QUANTITY_OVERLIMIT
2017,TOK,T3121807,TOK25,sell,360.0,B08521,8171.04,QUANTITY_OVERLIMIT
2020,LON,T6326422,LON02,sell,998.0,B45214,206276.0,QUANTITY_OVERLIMIT
2023,HK,T6189452,HK20,sell,652.0,B02473,8782.2,QUANTITY_OVERLIMIT
2026,NY,T1087795,NY21,sell,527.0,B08521,8171.04,QUANTITY_OVERLIMIT
2037,NY,T7375392,NY10,sell,599.0,B11094,8038.8,QUANTITY_OVERLIMIT
2040,SYD,T5521536,SYD12,sell,615.0,B25841,6655.5,QUANTITY_OVERLIMIT
2042,LON,T2121033,LON21,sell,785.0,B17901,1779.52,QUANTITY_OVERLIMIT
2059,HK,T3179669,HK31,sell,805.0,B47982,1158.72,QUANTITY_OVERLIMIT
2060,HK,T6189452,HK23,sell,944.0,B27558,6597.91,QUANTITY_OVERLIMIT
2061,SG,T9564084,SG23,sell,711.0,B47982,1158.72,QUANTITY_OVERLIMIT
2062,LON,T2121033,LON22,sell,412.0,B31538,2503.05,QUANTITY_OVERLIMIT
2075,LON,T2121033,LON20,sell,698.0,B45193,2607.75,QUANTITY_OVERLIMIT
2077,HK,T5727593,HK12,sell,734.0,B18694,1256.78,QUANTITY_OVERLIMIT
2083,TOK,T3121807,TOK23,sell,538.0,B17901,1779.52,QUANTITY_OVERLIMIT
2086,SG,T9277645,SG14,sell,938.0,B27558,6597.91,QUANTITY_OVERLIMIT
2089,NY,T4439875,NY42,sell,243.0,B27023,1361.0,QUANTITY_OVERLIMIT
2090,TOK,T3121807,TOK20,sell,762.0,B35479,9239.03,QUANTITY_OVERLIMIT
2092,LON,T2121033,LON25,sell,410.0,B02473,8782.2,QUANTITY_OVERLIMIT
2099,LON,T6326422,LON02,sell,458.0,B28659,104604.0,QUANTITY_OVERLIMIT
2110,TOK,T3121807,TOK25,sell,606.0,B44611,605.0,QUANTITY_OVERLIMIT
2112,TOK,T9108891,TOK10,sell,306.0,B38589,5249.44,QUANTITY_OVERLIMIT
2115,SG,T9564084,SG21,sell,217.0,B48886,7161.3,QUANTITY_OVERLIMIT
2118,SG,T5983248,SG01,sell,120.0,B23639,1528.98,QUANTITY_OVERLIMIT
2123,SYD,T5521536,SYD11,sell,282.0,B27558,7635.1,QUANTITY_OVERLIMIT
2132,LON,T7210244,LON12,sell,279.0,B04712,1156.0,QUANTITY_OVERLIMIT
2139,TOK,T9108891,TOK10,sell,159.0,B47982,1158.72,QUANTITY_OVERLIMIT
2141,SYD,T8621521,SYD00,sell,649.0,B25841,6655.5,QUANTITY_OVERLIMIT
2146,HK,T3800229,HK04,sell,327.0,B44611,605.0,QUANTITY_OVERLIMIT
2147,TOK,T2697765,TOK00,sell,993.0,B10340,9438.0,QUANTITY_OVERLIMIT
2154,SG,T9277645,SG12,sell,246.0,B05609,93366.0,QUANTITY_OVERLIMIT
2155,SYD,T8621521,SYD03,sell,328.0,B44611,605.0,QUANTITY_OVERLIMIT
2163,TOK,T3937126,TOK33,sell,244.0,B31538,1548.54,QUANTITY_OVERLIMIT
2172,TOK,T2697765,TOK01,sell,137.0,B18694,1930.5,QUANTITY_OVERLIMIT
2173,LON,T6326422,LON04,sell,104.0,B25841,8495.2,QUANTITY_OVERLIMIT
2174,LON,T6326422,LON04,sell,315.0,B48886,7161.3,QUANTITY_OVERLIMIT
2184,SYD,T5521536,SYD10,sell,255.0,B45214,96795.0,QUANTITY_OVERLIMIT
2189,LON,T7210244,LON13,sell,964.0,B28917,2428.65,QUANTITY_OVERLIMIT
2191,LON,T6326422,LON02,sell,356.0,B17266,73830.0,QUANTITY_OVERLIMIT
2196,NY,T7375392,NY10,sell,821.0,B01774,2242.35,QUANTITY_OVERLIMIT
2203,TOK,T3121807,TOK24,sell,833.0,B11094,6895.2,QUANTITY_OVERLIMIT
2219,LON,T2121033,LON23,sell,975.0,B34105,2744.67,QUANTITY_OVERLIMIT
2225,SG,T9277645,SG11,sell,168.0,B35648,106932.0,QUANTITY_OVERLIMIT
2228,LON,T6326422,LON04,sell,391.0,B01774,2242.35,QUANTITY_OVERLIMIT
2229,TOK,T2697765,TOK00,sell,635.0,B08521,6643.2,QUANTITY_OVERLIMIT
2233,NY,T2078717,NY01,sell,866.0,B35479,9677.58,QUANTITY_OVERLIMIT
2234,NY,T7375392,NY11,sell,186.0,B18694,2746.2,QUANTITY_OVERLIMIT
2240,SG,T9564084,SG21,sell,589.0,B31214,669.0,QUANTITY_OVERLIMIT
2251,SYD,T8621521,SYD01,sell,407.0,B27558,7635.1,QUANTITY_OVERLIMIT
2253,TOK,T9108891,TOK13,sell,666.0,B34105,2744.67,QUANTITY_OVERLIMIT
2255,NY,T4439875,NY43,sell,543.0,B10340,8903.3,QUANTITY_OVERLIMIT
2266,LON,T7210244,LON14,sell,782.0,B01774,2039.87,QUANTITY_OVERLIMIT
2268,NY,T2078717,NY00,sell,330.0,B18694,2746.2,QUANTITY_OVERLIMIT
2280,LON,T2121033,LON24,sell,592.0,B28917,2428.65,QUANTITY_OVERLIMIT
2287,LON,T6326422,LON02,sell,249.0,B23639,1528.98,QUANTITY_OVERLIMIT
2290,TOK,T9108891,TOK11,sell,337.0,B47982,1158.72,QUANTITY_OVERLIMIT
2295,HK,T6189452,HK20,sell,270.0,B03283,1705.27,QUANTITY_OVERLIMIT
2298,NY,T4439875,NY44,sell,573.0,B45214,83980.0,QUANTITY_OVERLIMIT
2309,SYD,T8621521,SYD01,sell,475.0,B27558,7635.1,QUANTITY_OVERLIMIT
2316,TOK,T3937126,TOK31,sell,620.0,B03283,1705.27,QUANTITY_OVERLIMIT
2317,HK,T3800229,HK00,sell,696.0,B31538,1183.74,QUANTITY_OVERLIMIT
2318,SG,T5983248,SG03,sell,641.0,B44611,605.0,QUANTITY_OVERLIMIT
2325,HK,T3179669,HK33,sell,903.0,B27558,7635.1,QUANTITY_OVERLIMIT
2326,NY,T7375392,NY13,sell,406.0,B01774,2039.87,QUANTITY_OVERLIMIT
2334,NY,T1087795,NY23,sell,545.0,B17901,1507.73,QUANTITY_OVERLIMIT
2341,TOK,T3121807,TOK20,sell,749.0,B25841,8874.19,QUANTITY_OVERLIMIT
2349,NY,T4439875,NY41,sell,589.0,B05609,121302.0,QUANTITY_OVERLIMIT
2364,NY,T2078717,NY04,sell,693.0,B45918,3367.77,QUANTITY_OVERLIMIT
2369,LON,T2121033,LON25,sell,672.0,B28917,2428.65,QUANTITY_OVERLIMIT
2372,HK,T3800229,HK01,sell,720.0,B18694,1061.55,QUANTITY_OVERLIMIT
2375,SG,T5983248,SG03,sell,915.0,B02473,8766.9,QUANTITY_OVERLIMIT
2389,HK,T5727593,HK14,sell,786.0,B02473,8766.9,QUANTITY_OVERLIMIT
2408,SG,T9564084,SG23,sell,839.0,B08521,6643.2,QUANTITY_OVERLIMIT
2423,SG,T9277645,SG13,sell,817.0,B28659,161046.0,QUANTITY_OVERLIMIT
2436,NY,T4848015,NY33,sell,451.0,B27558,8568.0,QUANTITY_OVERLIMIT
2446,LON,T2121033,LON21,sell,797.0,B18694,1061.55,QUANTITY_OVERLIMIT
2452,SG,T5983248,SG01,sell,623.0,B23639,1651.88,QUANTITY_OVERLIMIT
2457,SG,T9277645,SG12,sell,179.0,B18694,1061.55,QUANTITY_OVERLIMIT
2458,SG,T5983248,SG04,sell,309.0,B04712,960.0,QUANTITY_OVERLIMIT
2471,TOK,T2697765,TOK01,sell,961.0,B11094,9522.24,QUANTITY_OVERLIMIT
2477,NY,T7375392,NY13,sell,743.0,B23639,1611.48,QUANTITY_OVERLIMIT
2489,SYD,T5521536,SYD13,sell,611.0,B34105,1182.72,QUANTITY_OVERLIMIT
2492,HK,T6189452,HK20,sell,498.0,B45193,1313.76,QUANTITY_OVERLIMIT
2502,LON,T7210244,LON10,sell,150.0,B35648,88913.0,QUANTITY_OVERLIMIT
2506,TOK,T2697765,TOK03,sell,869.0,B45214,141349.0,QUANTITY_OVERLIMIT
2508,SG,T9564084,SG21,sell,366.0,B45214,141349.0,QUANTITY_OVERLIMIT
2511,HK,T6189452,HK20,sell,600.0,B45214,141349.0,QUANTITY_OVERLIMIT
2518,LON,T6326422,LON00,sell,832.0,B23639,675.0,QUANTITY_OVERLIMIT
2522,TOK,T2697765,TOK01,sell,117.0,B10340,7025.49,QUANTITY_OVERLIMIT
2523,SG,T9277645,SG14,sell,440.0,B34105,1182.72,QUANTITY_OVERLIMIT
2532,HK,T3800229,HK04,sell,954.0,B04712,994.0,QUANTITY_OVERLIMIT
2536,SYD,T5521536,SYD10,sell,984.0,B08521,6643.2,QUANTITY_OVERLIMIT
2537,NY,T1087795,NY20,sell,968.0,B03283,2212.75,QUANTITY_OVERLIMIT
2541,TOK,T2697765,TOK04,sell,158.0,B16316,1192.0,QUANTITY_OVERLIMIT
2543,NY,T1087795,NY21,sell,861.0,B10340,7025.49,QUANTITY_OVERLIMIT
2553,TOK,T2697765,TOK04,sell,440.0,B35479,4569.45,QUANTITY_OVERLIMIT
2586,SG,T5983248,SG05,sell,115.0,B48886,9619.2,QUANTITY_OVERLIMIT
2610,SG,T5983248,SG05,sell,325.0,B35479,8542.25,QUANTITY_OVERLIMIT
2624,TOK,T9108891,TOK13,sell,516.0,B45193,1666.62,QUANTITY_OVERLIMIT
2631,LON,T7210244,LON10,sell,198.0,B48886,10245.75,QUANTITY_OVERLIMIT
2633,HK,T3179669,HK31,sell,397.0,B27023,1013.0,QUANTITY_OVERLIMIT
2635,HK,T6189452,HK23,sell,490.0,B10340,4752.59,QUANTITY_OVERLIMIT
2638,SG,T9277645,SG14,sell,513.0,B05609,87292.0,QUANTITY_OVERLIMIT
2642,HK,T5727593,HK12,sell,405.0,B02473,8210.98,QUANTITY_OVERLIMIT
2647,TOK,T2697765,TOK00,sell,919.0,B35648,134144.0,QUANTITY_OVERLIMIT
2659,NY,T7375392,NY11,sell,949.0,B27558,8568.0,QUANTITY_OVERLIMIT
2663,NY,T4848015,NY34,sell,301.0,B02473,8210.98,QUANTITY_OVERLIMIT
2671,LON,T2121033,LON20,sell,372.0,B45918,3825.9,QUANTITY_OVERLIMIT
2675,NY,T4848015,NY30,sell,225.0,B23639,1371.23,QUANTITY_OVERLIMIT
2676,TOK,T2697765,TOK03,sell,657.0,B34105,1182.72,QUANTITY_OVERLIMIT
2679,HK,T5727593,HK14,sell,151.0,B02473,8210.98,QUANTITY_OVERLIMIT
2691,TOK,T3121807,TOK21,sell,492.0,B16316,1476.0,QUANTITY_OVERLIMIT
2695,SG,T5983248,SG04,sell,556.0,B18694,1061.55,QUANTITY_OVERLIMIT
2698,TOK,T3121807,TOK22,sell,208.0,B34105,1182.72,QUANTITY_OVERLIMIT
2705,HK,T5727593,HK11,sell,401.0,B28659,161046.0,QUANTITY_OVERLIMIT
2707,NY,T2078717,NY00,sell,776.0,B05609,131052.0,QUANTITY_OVERLIMIT
2725,LON,T7210244,LON10,sell,650.0,B02473,5069.43,QUANTITY_OVERLIMIT
2726,LON,T2121033,LON24,sell,215.0,B34105,1182.72,QUANTITY_OVERLIMIT
2732,NY,T1087795,NY22,sell,712.0,B35648,134144.0,QUANTITY_OVERLIMIT
2734,TOK,T2697765,TOK01,sell,208.0,B28917,1494.35,QUANTITY_OVERLIMIT
2737,HK,T5727593,HK14,sell,675.0,B27558,8568.0,QUANTITY_OVERLIMIT
2743,SYD,T8621521,SYD03,sell,651.0,B45193,1666.62,QUANTITY_OVERLIMIT
2744,LON,T2121033,LON22,sell,960.0,B11094,6232.62,QUANTITY_OVERLIMIT
2757,LON,T6326422,LON00,sell,362.0,B02473,9434.88,QUANTITY_OVERLIMIT
2759,TOK,T3121807,TOK23,sell,259.0,B08521,3350.0,QUANTITY_OVERLIMIT
2760,TOK,T3937126,TOK31,sell,948.0,B47982,1326.82,QUANTITY_OVERLIMIT
2762,TOK,T3121807,TOK24,sell,910.0,B45214,103740.0,QUANTITY_OVERLIMIT
2789,NY,T4439875,NY44,sell,708.0,B27558,3450.5,QUANTITY_OVERLIMIT
2796,LON,T7210244,LON11,sell,202.0,B17266,133824.0,QUANTITY_OVERLIMIT
2803,NY,T2078717,NY02,sell,334.0,B28917,1494.35,QUANTITY_OVERLIMIT
2806,NY,T2078717,NY02,sell,732.0,B48886,6468.0,QUANTITY_OVERLIMIT
2808,TOK,T3121807,TOK21,sell,790.0,B45193,1666.62,QUANTITY_OVERLIMIT
2813,NY,T7375392,NY11,sell,713.0,B48886,6468.0,QUANTITY_OVERLIMIT
2817,SG,T9277645,SG10,sell,707.0,B45918,9239.1,QUANTITY_OVERLIMIT
2819,HK,T3800229,HK04,sell,446.0,B47982,1326.82,QUANTITY_OVERLIMIT
2825,HK,T5727593,HK13,sell,472.0,B27558,7880.17,QUANTITY_OVERLIMIT
2832,NY,T7375392,NY13,sell,996.0,B44611,961.0,QUANTITY_OVERLIMIT
2850,LON,T7210244,LON12,sell,581.0,B03283,1157.2,QUANTITY_OVERLIMIT
2851,SYD,T5521536,SYD11,sell,732.0,B25841,5829.67,QUANTITY_OVERLIMIT
2859,SG,T9564084,SG20,sell,117.0,B48886,6468.0,QUANTITY_OVERLIMIT
2866,SG,T9277645,SG12,sell,576.0,B48886,6468.0,QUANTITY_OVERLIMIT
2871,TOK,T3121807,TOK21,sell,476.0,B17901,1457.58,QUANTITY_OVERLIMIT
2905,LON,T7210244,LON13,sell,123.0,B31538,670.98,QUANTITY_OVERLIMIT
2927,NY,T7375392,NY11,sell,523.0,B31538,670.98,QUANTITY_OVERLIMIT
2928,TOK,T3121807,TOK25,sell,501.0,B17266,133824.0,QUANTITY_OVERLIMIT
2937,LON,T2121033,LON22,sell,417.0,B17901,1457.58,QUANTITY_OVERLIMIT
2938,HK,T3800229,HK00,sell,637.0,B10340,4768.4,QUANTITY_OVERLIMIT
2940,NY,T4439875,NY44,sell,301.0,B35479,8434.78,QUANTITY_OVERLIMIT
2958,SYD,T5521536,SYD13,sell,274.0,B25841,5829.67,QUANTITY_OVERLIMIT
2963,HK,T3800229,HK04,sell,814.0,B34105,1643.22,QUANTITY_OVERLIMIT
2967,NY,T4439875,NY41,sell,410.0,B02473,5544.91,QUANTITY_OVERLIMIT
2969,HK,T6189452,HK20,sell,774.0,B10340,4768.4,QUANTITY_OVERLIMIT
2978,LON,T2121033,LON24,sell,130.0,B34105,1643.22,QUANTITY_OVERLIMIT
2997,TOK,T3937126,TOK31,sell,164.0,B11094,8350.06,QUANTITY_OVERLIMIT
3008,SG,T5983248,SG01,sell,600.0,B25841,5829.67,QUANTITY_OVERLIMIT
3031,TOK,T9108891,TOK11,sell,423.0,B25841,5829.67,QUANTITY_OVERLIMIT
3033,NY,T4848015,NY35,sell,318.0,B35648,155104.0,QUANTITY_OVERLIMIT
3038,LON,T7210244,LON13,sell,684.0,B25841,5829.67,QUANTITY_OVERLIMIT
3047,SG,T9564084,SG20,sell,876.0,B27558,4795.5,QUANTITY_OVERLIMIT
3052,SG,T9564084,SG20,sell,825.0,B05609,134596.0,QUANTITY_OVERLIMIT
3059,TOK,T9108891,TOK10,sell,802.0,B34105,1489.62,QUANTITY_OVERLIMIT
3062,SG,T5983248,SG03,sell,770.0,B01774,997.92,QUANTITY_OVERLIMIT
3072,LON,T7210244,LON10,sell,247.0,B45214,103740.0,QUANTITY_OVERLIMIT
3073,TOK,T9108891,TOK11,sell,105.0,B28659,129409.0,QUANTITY_OVERLIMIT
3075,SG,T5983248,SG03,sell,149.0,B44611,961.0,QUANTITY_OVERLIMIT
3081,SYD,T5521536,SYD13,sell,127.0,B16316,1066.0,QUANTITY_OVERLIMIT
3083,SG,T5983248,SG01,sell,990.0,B16316,1066.0,QUANTITY_OVERLIMIT
3086,LON,T6326422,LON04,sell,772.0,B03283,1247.84,QUANTITY_OVERLIMIT
3092,NY,T1087795,NY22,sell,335.0,B01774,997.92,QUANTITY_OVERLIMIT
3094,SG,T5983248,SG01,sell,456.0,B16316,1066.0,QUANTITY_OVERLIMIT
3104,SG,T5983248,SG01,sell,753.0,B25841,5189.88,QUANTITY_OVERLIMIT
3106,NY,T7375392,NY13,sell,825.0,B45918,5460.0,QUANTITY_OVERLIMIT
3115,HK,T3179669,HK30,sell,624.0,B27023,1409.0,QUANTITY_OVERLIMIT
3128,SG,T5983248,SG03,sell,723.0,B03283,1214.52,QUANTITY_OVERLIMIT
3129,NY,T4848015,NY34,sell,818.0,B16316,1066.0,QUANTITY_OVERLIMIT
3130,LON,T6326422,LON04,sell,693.0,B02473,7613.19,QUANTITY_OVERLIMIT
3131,TOK,T2697765,TOK03,sell,784.0,B02473,7613.19,QUANTITY_OVERLIMIT
3135,LON,T7210244,LON11,sell,594.0,B16316,1066.0,QUANTITY_OVERLIMIT
3138,TOK,T2697765,TOK01,sell,925.0,B17266,166370.0,QUANTITY_OVERLIMIT
3139,SG,T9277645,SG14,sell,993.0,B18694,1015.65,QUANTITY_OVERLIMIT
3147,LON,T2121033,LON22,sell,352.0,B31538,1289.33,QUANTITY_OVERLIMIT
3148,NY,T2078717,NY02,sell,501.0,B11094,8442.77,QUANTITY_OVERLIMIT
3165,LON,T2121033,LON25,sell,671.0,B34105,1489.62,QUANTITY_OVERLIMIT
3171,LON,T6326422,LON01,sell,808.0,B45193,1285.05,QUANTITY_OVERLIMIT
3173,LON,T6326422,LON00,sell,276.0,B16316,1066.0,QUANTITY_OVERLIMIT
3187,NY,T2078717,NY02,sell,469.0,B38589,8889.78,QUANTITY_OVERLIMIT
3190,HK,T3800229,HK04,sell,727.0,B18694,1015.65,QUANTITY_OVERLIMIT
3202,TOK,T3121807,TOK22,sell,582.0,B02473,10409.79,QUANTITY_OVERLIMIT
3204,SG,T9564084,SG20,sell,254.0,B35479,8393.82,QUANTITY_OVERLIMIT
3206,TOK,T9108891,TOK10,sell,701.0,B18694,1015.65,QUANTITY_OVERLIMIT
3211,LON,T6326422,LON04,sell,117.0,B05609,118845.0,QUANTITY_OVERLIMIT
3212,HK,T3179669,HK31,sell,335.0,B35648,99429.0,QUANTITY_OVERLIMIT
3225,TOK,T2697765,TOK04,sell,129.0,B28917,1671.66,QUANTITY_OVERLIMIT
3226,LON,T2121033,LON21,sell,186.0,B11094,5935.68,QUANTITY_OVERLIMIT
3228,LON,T7210244,LON13,sell,470.0,B45214,117376.0,QUANTITY_OVERLIMIT
3231,LON,T6326422,LON03,sell,475.0,B47982,1790.86,QUANTITY_OVERLIMIT
3233,NY,T7375392,NY12,sell,196.0,B45918,5460.0,QUANTITY_OVERLIMIT
3242,HK,T3179669,HK30,sell,988.0,B35479,8393.82,QUANTITY_OVERLIMIT
3244,TOK,T2697765,TOK00,sell,839.0,B28917,1671.66,QUANTITY_OVERLIMIT
3251,SG,T9277645,SG11,sell,462.0,B28917,1671.66,QUANTITY_OVERLIMIT
3252,NY,T4439875,NY40,sell,833.0,B45214,117376.0,QUANTITY_OVERLIMIT
3266,SG,T5983248,SG04,sell,463.0,B23639,1185.59,QUANTITY_OVERLIMIT
3270,SG,T9564084,SG22,sell,351.0,B28659,205025.0,QUANTITY_OVERLIMIT
3271,NY,T2078717,NY04,sell,698.0,B17266,183032.0,QUANTITY_OVERLIMIT
3284,HK,T3800229,HK04,sell,835.0,B48886,4002.71,QUANTITY_OVERLIMIT
3285,HK,T6189452,HK23,sell,551.0,B17901,1034.56,QUANTITY_OVERLIMIT
3286,HK,T5727593,HK13,sell,944.0,B05609,118845.0,QUANTITY_OVERLIMIT
3288,TOK,T2697765,TOK00,sell,180.0,B03283,1836.16,QUANTITY_OVERLIMIT
3291,HK,T6189452,HK21,sell,673.0,B02473,10275.32,QUANTITY_OVERLIMIT
3293,NY,T4848015,NY30,sell,397.0,B28917,1671.66,QUANTITY_OVERLIMIT
3294,HK,T3179669,HK33,sell,693.0,B18694,1015.65,QUANTITY_OVERLIMIT
3295,NY,T2078717,NY00,sell,894.0,B23639,1185.59,QUANTITY_OVERLIMIT
3300,NY,T1087795,NY21,sell,321.0,B31538,1174.0,QUANTITY_OVERLIMIT
3305,HK,T5727593,HK10,sell,847.0,B02473,10275.32,QUANTITY_OVERLIMIT
3316,NY,T1087795,NY21,sell,441.0,B34105,771.42,QUANTITY_OVERLIMIT
3317,LON,T2121033,LON20,sell,957.0,B48886,6759.51,QUANTITY_OVERLIMIT
3318,LON,T6326422,LON04,sell,964.0,B17266,183032.0,QUANTITY_OVERLIMIT
3319,SYD,T5521536,SYD12,sell,777.0,B03283,1836.16,QUANTITY_OVERLIMIT
3321,SG,T9277645,SG11,sell,663.0,B11094,5935.68,QUANTITY_OVERLIMIT
3324,HK,T6189452,HK22,sell,216.0,B23639,1185.59,QUANTITY_OVERLIMIT
3333,HK,T6189452,HK20,sell,510.0,B04712,1303.0,QUANTITY_OVERLIMIT
3336,SG,T9277645,SG11,sell,619.0,B04712,1303.0,QUANTITY_OVERLIMIT
3339,TOK,T9108891,TOK10,sell,461.0,B45193,1299.3,QUANTITY_OVERLIMIT
3342,TOK,T3121807,TOK25,sell,275.0,B25841,7472.89,QUANTITY_OVERLIMIT
3344,SG,T9277645,SG11,sell,775.0,B38589,3655.39,QUANTITY_OVERLIMIT
3357,NY,T7375392,NY13,sell,928.0,B05609,88044.0,QUANTITY_OVERLIMIT
3361,SYD,T5521536,SYD13,sell,245.0,B05609,88044.0,QUANTITY_OVERLIMIT
3368,NY,T7375392,NY13,sell,212.0,B10340,8003.37,QUANTITY_OVERLIMIT
3377,LON,T6326422,LON04,sell,243.0,B25841,7472.89,QUANTITY_OVERLIMIT
3378,HK,T5727593,HK13,sell,371.0,B03283,1836.16,QUANTITY_OVERLIMIT
3380,LON,T2121033,LON20,sell,952.0,B31538,1174.0,QUANTITY_OVERLIMIT
3392,NY,T2078717,NY04,sell,140.0,B23639,1247.44,QUANTITY_OVERLIMIT
3393,SYD,T8621521,SYD01,sell,809.0,B11094,3739.8,QUANTITY_OVERLIMIT
3395,TOK,T9108891,TOK10,sell,423.0,B08521,6147.9,QUANTITY_OVERLIMIT
3396,NY,T2078717,NY00,sell,990.0,B10340,10257.03,QUANTITY_OVERLIMIT
3397,LON,T2121033,LON20,sell,989.0,B47982,1790.86,QUANTITY_OVERLIMIT
3399,LON,T2121033,LON20,sell,750.0,B45214,139278.0,QUANTITY_OVERLIMIT
3405,NY,T2078717,NY03,sell,216.0,B17266,128118.0,QUANTITY_OVERLIMIT
3410,LON,T2121033,LON21,sell,437.0,B35648,120770.0,QUANTITY_OVERLIMIT
3411,NY,T2078717,NY03,sell,101.0,B04712,645.0,QUANTITY_OVERLIMIT
3434,LON,T7210244,LON10,sell,558.0,B05609,88044.0,QUANTITY_OVERLIMIT
3440,LON,T7210244,LON14,sell,650.0,B17266,128118.0,QUANTITY_OVERLIMIT
3447,NY,T4848015,NY34,sell,536.0,B28659,92224.0,QUANTITY_OVERLIMIT
3481,TOK,T2697765,TOK03,sell,966.0,B08521,4678.55,QUANTITY_OVERLIMIT
3485,HK,T6189452,HK22,sell,352.0,B27023,1231.0,QUANTITY_OVERLIMIT
3501,HK,T3800229,HK03,sell,784.0,B08521,4678.55,QUANTITY_OVERLIMIT
3503,LON,T2121033,LON24,sell,964.0,B04712,717.0,QUANTITY_OVERLIMIT
3508,TOK,T3121807,TOK21,sell,469.0,B08521,4678.55,QUANTITY_OVERLIMIT
3531,TOK,T9108891,TOK13,sell,622.0,B44611,666.0,QUANTITY_OVERLIMIT
3532,LON,T2121033,LON25,sell,660.0,B48886,9605.04,QUANTITY_OVERLIMIT
3546,SG,T5983248,SG03,sell,463.0,B28659,92224.0,QUANTITY_OVERLIMIT
3565,SG,T9277645,SG10,sell,845.0,B38589,7532.91,QUANTITY_OVERLIMIT
3580,HK,T3800229,HK03,sell,747.0,B45193,1621.62,QUANTITY_OVERLIMIT
3590,LON,T6326422,LON02,sell,804.0,B03283,1210.86,QUANTITY_OVERLIMIT
3593,LON,T7210244,LON10,sell,956.0,B05609,181610.0,QUANTITY_OVERLIMIT
3605,SG,T5983248,SG05,sell,573.0,B02473,7923.6,QUANTITY_OVERLIMIT
3609,NY,T4439875,NY41,sell,207.0,B18694,2088.81,QUANTITY_OVERLIMIT
3614,NY,T4848015,NY34,sell,350.0,B04712,1153.0,QUANTITY_OVERLIMIT
3616,TOK,T3121807,TOK21,sell,343.0,B11094,9275.14,QUANTITY_OVERLIMIT
3617,LON,T7210244,LON13,sell,412.0,B04712,1153.0,QUANTITY_OVERLIMIT
3619,HK,T3179669,HK33,sell,640.0,B11094,9275.14,QUANTITY_OVERLIMIT
3623,LON,T2121033,LON25,sell,966.0,B34105,1514.7,QUANTITY_OVERLIMIT
3632,TOK,T3937126,TOK33,sell,950.0,B18694,2088.81,QUANTITY_OVERLIMIT
3640,HK,T3179669,HK31,sell,195.0,B35648,146596.0,QUANTITY_OVERLIMIT
3645,SG,T9277645,SG14,sell,853.0,B45193,1621.62,QUANTITY_OVERLIMIT
3660,HK,T6189452,HK20,sell,580.0,B34105,1514.7,QUANTITY_OVERLIMIT
3669,NY,T4439875,NY40,sell,395.0,B18694,2088.81,QUANTITY_OVERLIMIT
3691,SG,T5983248,SG02,sell,782.0,B45193,816.86,QUANTITY_OVERLIMIT
3697,TOK,T9108891,TOK12,sell,665.0,B35648,146596.0,QUANTITY_OVERLIMIT
3709,LON,T2121033,LON25,sell,931.0,B38589,3437.72,QUANTITY_OVERLIMIT
3711,TOK,T3121807,TOK20,sell,121.0,B23639,2096.22,QUANTITY_OVERLIMIT
3714,NY,T4439875,NY41,sell,797.0,B28659,73656.0,QUANTITY_OVERLIMIT
3722,SG,T9277645,SG14,sell,512.0,B28917,1117.4,QUANTITY_OVERLIMIT
3727,TOK,T3937126,TOK30,sell,193.0,B01774,2445.14,QUANTITY_OVERLIMIT
3730,LON,T6326422,LON02,sell,463.0,B48886,5971.29,QUANTITY_OVERLIMIT
3735,SG,T9277645,SG14,sell,217.0,B25841,7472.89,QUANTITY_OVERLIMIT
3760,HK,T5727593,HK12,sell,412.0,B47982,696.6,QUANTITY_OVERLIMIT
3762,SYD,T8621521,SYD02,sell,635.0,B25841,7472.89,QUANTITY_OVERLIMIT
3765,LON,T6326422,LON00,sell,624.0,B03283,1786.65,QUANTITY_OVERLIMIT
3766,NY,T2078717,NY04,sell,334.0,B47982,696.6,QUANTITY_OVERLIMIT
3783,HK,T5727593,HK11,sell,185.0,B04712,640.0,QUANTITY_OVERLIMIT
3784,HK,T5727593,HK13,sell,501.0,B04712,640.0,QUANTITY_OVERLIMIT
3790,HK,T3800229,HK04,sell,968.0,B31214,1271.0,QUANTITY_OVERLIMIT
3796,NY,T4848015,NY31,sell,794.0,B28659,73656.0,QUANTITY_OVERLIMIT
3798,NY,T7375392,NY12,sell,342.0,B05609,181610.0,QUANTITY_OVERLIMIT
3805,TOK,T3121807,TOK24,sell,715.0,B18694,1562.19,QUANTITY_OVERLIMIT
3810,NY,T2078717,NY00,sell,358.0,B45918,9728.49,QUANTITY_OVERLIMIT
3819,TOK,T3121807,TOK23,sell,759.0,B45193,816.86,QUANTITY_OVERLIMIT
3822,NY,T1087795,NY20,sell,624.0,B17266,200866.0,QUANTITY_OVERLIMIT
3842,TOK,T3121807,TOK25,sell,763.0,B28659,199928.0,QUANTITY_OVERLIMIT
3843,TOK,T3937126,TOK31,sell,155.0,B25841,7472.89,QUANTITY_OVERLIMIT
3855,LON,T2121033,LON20,sell,453.0,B31214,1271.0,QUANTITY_OVERLIMIT
3869,TOK,T3937126,TOK30,sell,906.0,B17901,2073.12,QUANTITY_OVERLIMIT
3870,NY,T4439875,NY42,sell,563.0,B48886,11264.6,QUANTITY_OVERLIMIT
3872,SYD,T8621521,SYD00,sell,659.0,B31538,1620.6,QUANTITY_OVERLIMIT
3879,SG,T9564084,SG23,sell,165.0,B31214,1271.0,QUANTITY_OVERLIMIT
3884,HK,T5727593,HK12,sell,946.0,B10340,6681.75,QUANTITY_OVERLIMIT
3891,NY,T7375392,NY10,sell,627.0,B17266,198513.0,QUANTITY_OVERLIMIT
3899,HK,T5727593,HK14,sell,549.0,B38589,7168.02,QUANTITY_OVERLIMIT
3901,TOK,T2697765,TOK01,sell,576.0,B10340,6681.75,QUANTITY_OVERLIMIT
3902,SYD,T5521536,SYD10,sell,369.0,B38589,7168.02,QUANTITY_OVERLIMIT
3911,SG,T5983248,SG04,sell,673.0,B08521,4478.88,QUANTITY_OVERLIMIT
3913,NY,T4848015,NY35,sell,581.0,B03283,953.56,QUANTITY_OVERLIMIT
3928,SYD,T5521536,SYD11,sell,988.0,B48886,10103.44,QUANTITY_OVERLIMIT
3929,SG,T5983248,SG04,sell,929.0,B47982,660.92,QUANTITY_OVERLIMIT
3932,HK,T3179669,HK30,sell,139.0,B08521,4478.88,QUANTITY_OVERLIMIT
3934,TOK,T2697765,TOK04,sell,452.0,B05609,181610.0,QUANTITY_OVERLIMIT
3936,TOK,T3937126,TOK33,sell,799.0,B31538,1627.34,QUANTITY_OVERLIMIT
3939,HK,T5727593,HK14,sell,842.0,B04712,640.0,QUANTITY_OVERLIMIT
3941,NY,T4848015,NY30,sell,703.0,B35479,10916.72,QUANTITY_OVERLIMIT
3951,SG,T9277645,SG12,sell,131.0,B27558,4409.59,QUANTITY_OVERLIMIT
3954,NY,T4848015,NY32,sell,703.0,B23639,1262.32,QUANTITY_OVERLIMIT
3958,NY,T4439875,NY40,sell,664.0,B11094,8904.35,QUANTITY_OVERLIMIT
3960,HK,T6189452,HK21,sell,824.0,B27023,547.0,QUANTITY_OVERLIMIT
3964,SG,T9564084,SG21,sell,282.0,B02473,4000.65,QUANTITY_OVERLIMIT
3965,TOK,T3121807,TOK22,sell,478.0,B10340,6681.75,QUANTITY_OVERLIMIT
3969,HK,T5727593,HK12,sell,710.0,B44611,1321.0,QUANTITY_OVERLIMIT
3972,NY,T4848015,NY32,sell,603.0,B27558,4409.59,QUANTITY_OVERLIMIT
3975,NY,T4848015,NY30,sell,121.0,B04712,640.0,QUANTITY_OVERLIMIT
3976,HK,T3800229,HK01,sell,713.0,B16316,1037.0,QUANTITY_OVERLIMIT
3977,HK,T3179669,HK32,sell,309.0,B23639,1262.32,QUANTITY_OVERLIMIT
3978,TOK,T3121807,TOK23,sell,301.0,B48886,10103.44,QUANTITY_OVERLIMIT
3991,NY,T2078717,NY01,sell,584.0,B05609,181610.0,QUANTITY_OVERLIMIT
3994,NY,T4848015,NY30,sell,133.0,B05609,181610.0,QUANTITY_OVERLIMIT
4002,TOK,T2697765,TOK02,sell,934.0,B35648,146596.0,QUANTITY_OVERLIMIT
4032,SYD,T8621521,SYD01,sell,556.0,B45193,1879.02,QUANTITY_OVERLIMIT
4037,LON,T2121033,LON25,sell,755.0,B17901,2502.71,QUANTITY_OVERLIMIT
4047,SG,T5983248,SG01,sell,330.0,B27023,547.0,QUANTITY_OVERLIMIT
4050,LON,T2121033,LON24,sell,272.0,B05609,200294.0,QUANTITY_OVERLIMIT
4063,SYD,T5521536,SYD12,sell,430.0,B17901,2502.71,QUANTITY_OVERLIMIT
4073,NY,T7375392,NY12,sell,962.0,B38589,3645.18,QUANTITY_OVERLIMIT
4075,LON,T2121033,LON24,sell,653.0,B01774,1168.2,QUANTITY_OVERLIMIT
4079,HK,T3800229,HK04,sell,857.0,B01774,1168.2,QUANTITY_OVERLIMIT
4085,SG,T9564084,SG21,sell,119.0,B23639,1262.32,QUANTITY_OVERLIMIT
4089,LON,T2121033,LON20,sell,847.0,B01774,1168.2,QUANTITY_OVERLIMIT
4092,NY,T4848015,NY35,sell,245.0,B11094,4845.6,QUANTITY_OVERLIMIT
4093,TOK,T9108891,TOK13,sell,768.0,B45214,125304.0,QUANTITY_OVERLIMIT
4094,TOK,T3121807,TOK21,sell,895.0,B02473,4000.65,QUANTITY_OVERLIMIT
4105,TOK,T3121807,TOK25,sell,786.0,B11094,4845.6,QUANTITY_OVERLIMIT
4113,NY,T2078717,NY03,sell,416.0,B48886,10103.44,QUANTITY_OVERLIMIT
4125,LON,T2121033,LON23,sell,569.0,B48886,10103.44,QUANTITY_OVERLIMIT
4132,HK,T5727593,HK10,sell,649.0,B31538,1836.03,QUANTITY_OVERLIMIT
4136,HK,T5727593,HK13,sell,321.0,B31538,1836.03,QUANTITY_OVERLIMIT
4141,TOK,T3121807,TOK20,sell,342.0,B48886,10103.44,QUANTITY_OVERLIMIT
4142,NY,T1087795,NY21,sell,591.0,B25841,10337.58,QUANTITY_OVERLIMIT
4148,LON,T2121033,LON23,sell,199.0,B16316,845.0,QUANTITY_OVERLIMIT
4153,TOK,T9108891,TOK13,sell,432.0,B25841,10337.58,QUANTITY_OVERLIMIT
4159,NY,T1087795,NY23,sell,222.0,B08521,8970.53,QUANTITY_OVERLIMIT
4161,NY,T1087795,NY23,sell,197.0,B03283,894.36,QUANTITY_OVERLIMIT
4162,HK,T3179669,HK33,sell,489.0,B27023,1396.0,QUANTITY_OVERLIMIT
4174,LON,T6326422,LON01,sell,163.0,B02473,6866.19,QUANTITY_OVERLIMIT
4186,HK,T3800229,HK02,sell,932.0,B23639,937.86,QUANTITY_OVERLIMIT
4187,TOK,T2697765,TOK00,sell,725.0,B04712,738.0,QUANTITY_OVERLIMIT
4200,NY,T4848015,NY34,sell,550.0,B11094,8516.18,QUANTITY_OVERLIMIT
4201,SG,T5983248,SG03,sell,158.0,B45193,1059.78,QUANTITY_OVERLIMIT
4212,SYD,T5521536,SYD11,sell,567.0,B18694,1364.0,QUANTITY_OVERLIMIT
4213,SYD,T8621521,SYD00,sell,598.0,B28917,1787.5,QUANTITY_OVERLIMIT
4214,HK,T3800229,HK00,sell,172.0,B35648,146596.0,QUANTITY_OVERLIMIT
4217,SG,T9564084,SG21,sell,109.0,B48886,4861.7,QUANTITY_OVERLIMIT
4229,HK,T3179669,HK30,sell,924.0,B31214,1364.0,QUANTITY_OVERLIMIT
4235,LON,T6326422,LON00,sell,807.0,B35479,10844.82,QUANTITY_OVERLIMIT
4238,LON,T2121033,LON21,sell,308.0,B48886,8683.25,QUANTITY_OVERLIMIT
4244,LON,T6326422,LON00,sell,121.0,B28659,116861.0,QUANTITY_OVERLIMIT
4253,LON,T2121033,LON20,sell,290.0,B45214,100880.0,QUANTITY_OVERLIMIT
4255,LON,T2121033,LON24,sell,761.0,B44611,1378.0,QUANTITY_OVERLIMIT
4264,HK,T3800229,HK00,sell,936.0,B18694,1364.0,QUANTITY_OVERLIMIT
4291,SG,T5983248,SG04,sell,307.0,B08521,3856.12,QUANTITY_OVERLIMIT
4304,NY,T4439875,NY44,sell,165.0,B31538,1569.28,QUANTITY_OVERLIMIT
4306,SG,T5983248,SG01,sell,348.0,B11094,7640.28,QUANTITY_OVERLIMIT
4311,LON,T7210244,LON10,sell,525.0,B48886,9142.08,QUANTITY_OVERLIMIT
4320,HK,T3179669,HK31,sell,830.0,B25841,9304.01,QUANTITY_OVERLIMIT
4321,NY,T4439875,NY40,sell,441.0,B08521,3856.12,QUANTITY_OVERLIMIT
4333,SG,T9564084,SG21,sell,395.0,B17266,66528.0,QUANTITY_OVERLIMIT
4338,NY,T4439875,NY40,sell,135.0,B18694,1364.0,QUANTITY_OVERLIMIT
4340,HK,T3800229,HK03,sell,946.0,B48886,9142.08,QUANTITY_OVERLIMIT
4348,SG,T9277645,SG11,sell,650.0,B05609,157216.0,QUANTITY_OVERLIMIT
4351,SG,T9564084,SG20,sell,386.0,B45214,150280.0,QUANTITY_OVERLIMIT
4379,NY,T7375392,NY13,sell,369.0,B48886,9142.08,QUANTITY_OVERLIMIT
4386,SG,T9277645,SG14,sell,963.0,B31538,1569.28,QUANTITY_OVERLIMIT
4393,HK,T5727593,HK13,sell,790.0,B08521,9118.4,QUANTITY_OVERLIMIT
4394,HK,T5727593,HK10,sell,792.0,B17266,66528.0,QUANTITY_OVERLIMIT
4419,SYD,T8621521,SYD02,sell,193.0,B31538,1817.78,QUANTITY_OVERLIMIT
4426,TOK,T3121807,TOK21,sell,896.0,B10340,8860.79,QUANTITY_OVERLIMIT
4427,SG,T5983248,SG05,sell,964.0,B01774,2286.9,QUANTITY_OVERLIMIT
4429,SYD,T8621521,SYD02,sell,713.0,B45193,2351.27,QUANTITY_OVERLIMIT
4434,SG,T9277645,SG12,sell,261.0,B48886,6702.4,QUANTITY_OVERLIMIT
4443,HK,T5727593,HK12,sell,388.0,B38589,4982.92,QUANTITY_OVERLIMIT
4451,NY,T4848015,NY33,sell,100.0,B03283,1032.75,QUANTITY_OVERLIMIT
4456,HK,T3800229,HK01,sell,888.0,B34105,1809.11,QUANTITY_OVERLIMIT
4468,NY,T2078717,NY03,sell,284.0,B04712,1268.0,QUANTITY_OVERLIMIT
4469,NY,T4848015,NY35,sell,921.0,B35648,148030.0,QUANTITY_OVERLIMIT
4480,HK,T5727593,HK13,sell,644.0,B05609,166014.0,QUANTITY_OVERLIMIT
4486,LON,T7210244,LON12,sell,973.0,B05609,166014.0,QUANTITY_OVERLIMIT
4488,SYD,T8621521,SYD01,sell,998.0,B44611,1389.0,QUANTITY_OVERLIMIT
4501,SG,T9277645,SG14,sell,996.0,B17266,173194.0,QUANTITY_OVERLIMIT
4509,NY,T1087795,NY21,sell,833.0,B44611,1424.0,QUANTITY_OVERLIMIT
4514,SYD,T5521536,SYD11,sell,603.0,B45918,4205.32,QUANTITY_OVERLIMIT
4532,NY,T4439875,NY40,sell,206.0,B05609,196965.0,QUANTITY_OVERLIMIT
4535,NY,T4848015,NY33,sell,537.0,B17901,2454.35,QUANTITY_OVERLIMIT
4539,HK,T3179669,HK33,sell,531.0,B34105,1809.11,QUANTITY_OVERLIMIT
4563,NY,T4848015,NY32,sell,739.0,B28917,1290.15,QUANTITY_OVERLIMIT
4566,LON,T7210244,LON14,sell,208.0,B45214,198720.0,QUANTITY_OVERLIMIT
4570,LON,T7210244,LON11,sell,779.0,B23639,1034.9,QUANTITY_OVERLIMIT
4575,NY,T2078717,NY00,sell,346.0,B11094,4636.8,QUANTITY_OVERLIMIT
4577,TOK,T3937126,TOK33,sell,388.0,B27558,7679.49,QUANTITY_OVERLIMIT
4581,NY,T4848015,NY32,sell,750.0,B44611,819.0,QUANTITY_OVERLIMIT
4587,LON,T6326422,LON03,sell,146.0,B34105,1809.11,QUANTITY_OVERLIMIT
4588,TOK,T3937126,TOK32,sell,558.0,B17266,172620.0,QUANTITY_OVERLIMIT
4591,NY,T2078717,NY01,sell,634.0,B27023,1499.0,QUANTITY_OVERLIMIT
4603,TOK,T2697765,TOK03,sell,561.0,B47982,2767.68,QUANTITY_OVERLIMIT
4611,LON,T7210244,LON11,sell,593.0,B47982,2767.68,QUANTITY_OVERLIMIT
4615,NY,T1087795,NY23,sell,549.0,B45918,7074.84,QUANTITY_OVERLIMIT
4625,SYD,T8621521,SYD03,sell,937.0,B11094,5201.3,QUANTITY_OVERLIMIT
4629,HK,T3179669,HK30,sell,390.0,B02473,3996.96,QUANTITY_OVERLIMIT
4632,HK,T3179669,HK31,sell,767.0,B27558,7679.49,QUANTITY_OVERLIMIT
4633,HK,T3800229,HK00,sell,974.0,B03283,1758.02,QUANTITY_OVERLIMIT
4635,NY,T1087795,NY21,sell,180.0,B38589,8545.02,QUANTITY_OVERLIMIT
4640,TOK,T3937126,TOK31,sell,308.0,B16316,687.0,QUANTITY_OVERLIMIT
4643,HK,T3800229,HK00,sell,305.0,B35479,8849.52,QUANTITY_OVERLIMIT
4651,SYD,T8621521,SYD02,sell,548.0,B44611,1200.0,QUANTITY_OVERLIMIT
4655,SG,T9564084,SG20,sell,304.0,B27023,1499.0,QUANTITY_OVERLIMIT
4660,TOK,T3121807,TOK25,sell,242.0,B31214,1125.0,QUANTITY_OVERLIMIT
4661,NY,T4848015,NY34,sell,460.0,B25841,4100.06,QUANTITY_OVERLIMIT
4663,NY,T1087795,NY20,buy,752.0,B44611,1318.0,CASH_OVERLIMIT
4665,SYD,T5521536,SYD10,sell,214.0,B34105,1809.11,QUANTITY_OVERLIMIT
4670,SG,T5983248,SG01,sell,467.0,B31538,1344.06,QUANTITY_OVERLIMIT
4672,TOK,T2697765,TOK04,sell,311.0,B27558,7679.49,QUANTITY_OVERLIMIT
4676,HK,T6189452,HK20,sell,290.0,B10340,8459.64,QUANTITY_OVERLIMIT
4684,HK,T6189452,HK20,sell,956.0,B47982,2767.68,QUANTITY_OVERLIMIT
4685,NY,T2078717,NY02,sell,680.0,B45918,7074.84,QUANTITY_OVERLIMIT
4688,NY,T1087795,NY21,buy,926.0,B31538,2010.67,CASH_OVERLIMIT
4692,LON,T2121033,LON25,sell,449.0,B08521,8856.0,QUANTITY_OVERLIMIT
4694,SG,T9564084,SG22,sell,672.0,B27023,1499.0,QUANTITY_OVERLIMIT
4695,SG,T9564084,SG22,sell,675.0,B02473,4591.55,QUANTITY_OVERLIMIT
4732,NY,T4848015,NY33,sell,427.0,B28659,78912.0,QUANTITY_OVERLIMIT
4733,LON,T2121033,LON24,sell,295.0,B35648,137411.0,QUANTITY_OVERLIMIT
4736,SG,T9564084,SG20,sell,772.0,B10340,8459.64,QUANTITY_OVERLIMIT
4737,LON,T2121033,LON22,sell,420.0,B35648,137411.0,QUANTITY_OVERLIMIT
4739,HK,T6189452,HK21,sell,173.0,B11094,3927.03,QUANTITY_OVERLIMIT
4747,NY,T4848015,NY31,sell,494.0,B34105,1809.11,QUANTITY_OVERLIMIT
4752,HK,T5727593,HK12,sell,690.0,B31214,978.0,QUANTITY_OVERLIMIT
4754,TOK,T3121807,TOK21,sell,847.0,B10340,8459.64,QUANTITY_OVERLIMIT
4755,LON,T2121033,LON22,sell,412.0,B01774,1065.46,QUANTITY_OVERLIMIT
4758,NY,T2078717,NY01,buy,732.0,B47982,984.12,CASH_OVERLIMIT
4759,TOK,T3937126,TOK32,sell,337.0,B31538,769.28,QUANTITY_OVERLIMIT
4761,NY,T4848015,NY33,buy,547.0,B18694,1697.66,CASH_OVERLIMIT
4775,NY,T4848015,NY32,sell,965.0,B48886,5769.23,QUANTITY_OVERLIMIT
4776,HK,T3179669,HK30,sell,100.0,B31214,978.0,QUANTITY_OVERLIMIT
4781,LON,T6326422,LON02,sell,530.0,B28659,78912.0,QUANTITY_OVERLIMIT
4787,NY,T1087795,NY22,sell,777.0,B35648,196184.0,QUANTITY_OVERLIMIT
4788,SG,T9277645,SG10,sell,986.0,B27558,4603.14,QUANTITY_OVERLIMIT
4792,LON,T6326422,LON03,sell,833.0,B01774,1065.46,QUANTITY_OVERLIMIT
4798,HK,T3800229,HK00,sell,995.0,B28659,78912.0,QUANTITY_OVERLIMIT
4805,HK,T3179669,HK33,sell,714.0,B28659,78912.0,QUANTITY_OVERLIMIT
4808,HK,T3179669,HK31,sell,446.0,B31538,769.28,QUANTITY_OVERLIMIT
4820,LON,T6326422,LON03,sell,990.0,B38589,9591.48,QUANTITY_OVERLIMIT
4822,TOK,T3121807,TOK23,sell,411.0,B02473,8863.56,QUANTITY_OVERLIMIT
4834,SYD,T8621521,SYD01,sell,851.0,B01774,1065.46,QUANTITY_OVERLIMIT
4836,NY,T4848015,NY33,buy,123.0,B28659,78912.0,CASH_OVERLIMIT
4841,HK,T6189452,HK22,sell,657.0,B05609,196965.0,QUANTITY_OVERLIMIT
4845,HK,T6189452,HK22,sell,260.0,B18694,2030.6,QUANTITY_OVERLIMIT
4852,LON,T7210244,LON10,sell,909.0,B17266,89364.0,QUANTITY_OVERLIMIT
4855,HK,T6189452,HK22,sell,167.0,B47982,984.12,QUANTITY_OVERLIMIT
4862,SG,T9564084,SG22,sell,466.0,B17266,89364.0,QUANTITY_OVERLIMIT
4864,SG,T5983248,SG03,sell,571.0,B03283,643.1,QUANTITY_OVERLIMIT
4865,NY,T7375392,NY13,buy,778.0,B18694,2030.6,CASH_OVERLIMIT
4866,NY,T4439875,NY40,buy,974.0,B45193,1755.12,CASH_OVERLIMIT
4877,HK,T3800229,HK02,sell,206.0,B44611,942.0,QUANTITY_OVERLIMIT
4882,NY,T2078717,NY03,sell,959.0,B16316,1389.0,QUANTITY_OVERLIMIT
4883,NY,T2078717,NY00,sell,502.0,B45193,1755.12,QUANTITY_OVERLIMIT
4884,LON,T7210244,LON14,sell,942.0,B27023,612.0,QUANTITY_OVERLIMIT
4885,NY,T1087795,NY20,buy,850.0,B45918,8843.75,CASH_OVERLIMIT
4896,SYD,T5521536,SYD11,sell,762.0,B03283,643.1,QUANTITY_OVERLIMIT
4900,LON,T6326422,LON00,sell,271.0,B17266,89364.0,QUANTITY_OVERLIMIT
4901,NY,T1087795,NY23,buy,468.0,B34105,1809.11,CASH_OVERLIMIT
4913,SG,T5983248,SG04,sell,541.0,B38589,9591.48,QUANTITY_OVERLIMIT
4915,SG,T9277645,SG12,sell,677.0,B03283,643.1,QUANTITY_OVERLIMIT
4922,NY,T4848015,NY32,sell,138.0,B08521,6906.25,QUANTITY_OVERLIMIT
4923,TOK,T2697765,TOK01,sell,828.0,B35479,4064.48,QUANTITY_OVERLIMIT
4924,NY,T4848015,NY32,sell,608.0,B25841,5799.75,QUANTITY_OVERLIMIT
4935,HK,T6189452,HK23,sell,674.0,B27558,8216.52,QUANTITY_OVERLIMIT
4936,TOK,T9108891,TOK13,sell,511.0,B28917,2011.91,QUANTITY_OVERLIMIT
4944,LON,T6326422,LON00,sell,865.0,B31214,937.0,QUANTITY_OVERLIMIT
4948,HK,T5727593,HK11,sell,425.0,B25841,5799.75,QUANTITY_OVERLIMIT
4949,LON,T6326422,LON03,sell,340.0,B17901,1958.0,QUANTITY_OVERLIMIT
4968,NY,T4439875,NY42,sell,956.0,B45918,3569.85,QUANTITY_OVERLIMIT
4977,HK,T5727593,HK12,sell,300.0,B25841,5799.75,QUANTITY_OVERLIMIT
4978,SG,T5983248,SG03,sell,798.0,B27023,612.0,QUANTITY_OVERLIMIT
4984,NY,T2078717,NY02,sell,404.0,B27558,8216.52,QUANTITY_OVERLIMIT
4985,HK,T6189452,HK22,sell,161.0,B01774,2310.44,QUANTITY_OVERLIMIT
4999,TOK,T2697765,TOK00,sell,503.0,B31214,937.0,QUANTITY_OVERLIMIT
5004,NY,T1087795,NY22,sell,451.0,B31538,1851.66,QUANTITY_OVERLIMIT
5025,LON,T2121033,LON20,sell,190.0,B48886,5769.23,QUANTITY_OVERLIMIT
5027,LON,T7210244,LON14,sell,271.0,B02473,8569.5,QUANTITY_OVERLIMIT
5029,NY,T4848015,NY30,buy,384.0,B08521,8591.72,CASH_OVERLIMIT
5031,NY,T1087795,NY22,buy,551.0,B03283,1419.0,CASH_OVERLIMIT
5033,NY,T4439875,NY44,buy,684.0,B23639,1578.78,CASH_OVERLIMIT
5036,NY,T1087795,NY22,sell,759.0,B34105,1062.6,QUANTITY_OVERLIMIT
5047,NY,T4439875,NY40,buy,815.0,B28917,2595.4,CASH_OVERLIMIT
5049,TOK,T3121807,TOK20,sell,958.0,B34105,1062.6,QUANTITY_OVERLIMIT
5060,SG,T9564084,SG20,sell,919.0,B27558,8847.68,QUANTITY_OVERLIMIT
5065,NY,T2078717,NY00,sell,414.0,B04712,1392.0,QUANTITY_OVERLIMIT
5068,NY,T2078717,NY03,sell,282.0,B35479,4064.48,QUANTITY_OVERLIMIT
5071,NY,T7375392,NY12,sell,585.0,B23639,1578.78,QUANTITY_OVERLIMIT
5073,NY,T4439875,NY43,buy,370.0,B04712,1392.0,CASH_OVERLIMIT
5074,HK,T6189452,HK22,sell,689.0,B27023,612.0,QUANTITY_OVERLIMIT
5079,TOK,T9108891,TOK12,sell,264.0,B48886,4605.0,QUANTITY_OVERLIMIT
5083,TOK,T3937126,TOK33,sell,754.0,B28917,2595.4,QUANTITY_OVERLIMIT
5087,SYD,T8621521,SYD03,sell,292.0,B48886,4605.0,QUANTITY_OVERLIMIT
5089,NY,T4848015,NY35,buy,291.0,B16316,707.0,CASH_OVERLIMIT
5093,HK,T6189452,HK22,sell,247.0,B17901,677.1,QUANTITY_OVERLIMIT
5096,NY,T7375392,NY12,buy,183.0,B04712,1392.0,CASH_OVERLIMIT
5099,HK,T3179669,HK30,sell,836.0,B17901,677.1,QUANTITY_OVERLIMIT
5100,NY,T7375392,NY10,buy,545.0,B10340,9625.48,CASH_OVERLIMIT
5102,HK,T5727593,HK11,sell,522.0,B34105,1062.6,QUANTITY_OVERLIMIT
5107,LON,T6326422,LON03,sell,658.0,B04712,1392.0,QUANTITY_OVERLIMIT
5108,NY,T4848015,NY30,buy,275.0,B31538,1887.98,CASH_OVERLIMIT
5119,NY,T7375392,NY11,sell,234.0,B10340,9625.48,QUANTITY_OVERLIMIT
5122,HK,T5727593,HK12,sell,435.0,B17901,677.1,QUANTITY_OVERLIMIT
5123,NY,T2078717,NY00,sell,431.0,B16316,707.0,QUANTITY_OVERLIMIT
5127,SG,T9277645,SG10,sell,679.0,B28659,178572.0,QUANTITY_OVERLIMIT
5133,NY,T2078717,NY03,buy,383.0,B35648,107304.0,CASH_OVERLIMIT
5135,SG,T9277645,SG10,sell,990.0,B18694,1359.75,QUANTITY_OVERLIMIT
5137,SYD,T8621521,SYD01,sell,794.0,B17901,677.1,QUANTITY_OVERLIMIT
5145,NY,T4848015,NY32,buy,751.0,B35648,107304.0,CASH_OVERLIMIT
5149,NY,T4848015,NY32,sell,521.0,B01774,1818.3,QUANTITY_OVERLIMIT
5154,NY,T4848015,NY31,sell,347.0,B16316,707.0,QUANTITY_OVERLIMIT
5156,HK,T6189452,HK22,sell,528.0,B02473,4125.42,QUANTITY_OVERLIMIT
5162,NY,T7375392,NY13,sell,986.0,B31214,544.0,QUANTITY_OVERLIMIT
5170,SYD,T5521536,SYD10,sell,394.0,B38589,3836.88,QUANTITY_OVERLIMIT
5178,NY,T4848015,NY33,buy,644.0,B01774,1818.3,CASH_OVERLIMIT
5185,LON,T6326422,LON03,sell,427.0,B10340,9625.48,QUANTITY_OVERLIMIT
5189,SYD,T5521536,SYD10,sell,202.0,B25841,6395.84,QUANTITY_OVERLIMIT
5190,SG,T5983248,SG04,sell,310.0,B35479,8465.22,QUANTITY_OVERLIMIT
5192,TOK,T9108891,TOK12,sell,538.0,B18694,1359.75,QUANTITY_OVERLIMIT
5193,LON,T6326422,LON00,sell,748.0,B08521,6322.52,QUANTITY_OVERLIMIT
5196,TOK,T3121807,TOK22,sell,137.0,B10340,9625.48,QUANTITY_OVERLIMIT
5197,NY,T1087795,NY22,buy,313.0,B23639,1578.78,CASH_OVERLIMIT
5198,TOK,T2697765,TOK01,sell,790.0,B17901,1188.44,QUANTITY_OVERLIMIT
5209,HK,T3179669,HK33,sell,299.0,B05609,126852.0,QUANTITY_OVERLIMIT
5219,LON,T7210244,LON12,sell,533.0,B23639,906.52,QUANTITY_OVERLIMIT
5221,TOK,T9108891,TOK11,sell,873.0,B23639,906.52,QUANTITY_OVERLIMIT
5224,TOK,T2697765,TOK02,sell,404.0,B04712,873.0,QUANTITY_OVERLIMIT
5227,TOK,T2697765,TOK01,sell,133.0,B31214,544.0,QUANTITY_OVERLIMIT
5232,NY,T7375392,NY13,sell,192.0,B03283,1419.0,QUANTITY_OVERLIMIT
5235,HK,T5727593,HK10,sell,653.0,B31538,1653.93,QUANTITY_OVERLIMIT
5237,HK,T3179669,HK33,sell,892.0,B02473,4125.42,QUANTITY_OVERLIMIT
5238,NY,T2078717,NY00,buy,692.0,B23639,906.52,CASH_OVERLIMIT
5242,NY,T1087795,NY22,buy,851.0,B01774,2177.19,CASH_OVERLIMIT
5244,SG,T9277645,SG11,sell,164.0,B45918,8100.3,QUANTITY_OVERLIMIT
5246,NY,T4848015,NY32,buy,885.0,B31538,1548.36,CASH_OVERLIMIT
5248,NY,T1087795,NY22,buy,888.0,B47982,2309.55,CASH_OVERLIMIT
5258,NY,T4439875,NY44,buy,536.0,B01774,2244.51,CASH_OVERLIMIT
5260,TOK,T9108891,TOK11,sell,932.0,B04712,914.0,QUANTITY_OVERLIMIT
5270,NY,T1087795,NY22,buy,137.0,B28917,2379.78,CASH_OVERLIMIT
5276,HK,T6189452,HK22,sell,625.0,B27023,1431.0,QUANTITY_OVERLIMIT
5285,NY,T4439875,NY43,sell,891.0,B28659,91924.0,QUANTITY_OVERLIMIT
5290,NY,T2078717,NY01,sell,296.0,B03283,1419.0,QUANTITY_OVERLIMIT
5304,TOK,T2697765,TOK01,sell,787.0,B01774,2244.51,QUANTITY_OVERLIMIT
5306,NY,T4439875,NY44,buy,834.0,B28917,2379.78,CASH_OVERLIMIT
5309,SG,T9564084,SG20,sell,920.0,B35648,86329.0,QUANTITY_OVERLIMIT
5313,TOK,T3121807,TOK23,sell,292.0,B38589,5104.96,QUANTITY_OVERLIMIT
5326,LON,T2121033,LON23,sell,797.0,B01774,2244.51,QUANTITY_OVERLIMIT
5327,SG,T5983248,SG05,sell,999.0,B45214,80454.0,QUANTITY_OVERLIMIT
5354,LON,T6326422,LON04,sell,197.0,B17901,2107.52,QUANTITY_OVERLIMIT
5355,NY,T2078717,NY02,buy,812.0,B01774,2244.51,CASH_OVERLIMIT
5363,SG,T9277645,SG13,sell,393.0,B34105,1755.27,QUANTITY_OVERLIMIT
5371,TOK,T2697765,TOK01,sell,736.0,B31538,2538.36,QUANTITY_OVERLIMIT
5375,NY,T4848015,NY31,sell,979.0,B31538,2538.36,QUANTITY_OVERLIMIT
5385,SG,T5983248,SG05,sell,932.0,B11094,5043.43,QUANTITY_OVERLIMIT
5399,NY,T4848015,NY34,sell,840.0,B17901,1687.44,QUANTITY_OVERLIMIT
5424,NY,T7375392,NY12,sell,955.0,B31214,1345.0,QUANTITY_OVERLIMIT
5425,SYD,T5521536,SYD12,sell,335.0,B28659,155958.0,QUANTITY_OVERLIMIT
5429,NY,T4848015,NY32,sell,883.0,B45918,8028.89,QUANTITY_OVERLIMIT
5435,NY,T1087795,NY20,buy,883.0,B27558,9600.5,CASH_OVERLIMIT
5439,NY,T1087795,NY20,buy,420.0,B02473,5117.56,CASH_OVERLIMIT
5442,TOK,T3121807,TOK24,sell,737.0,B35648,89640.0,QUANTITY_OVERLIMIT
5450,NY,T4439875,NY44,buy,556.0,B18694,1512.96,CASH_OVERLIMIT
5451,NY,T4848015,NY34,buy,477.0,B31214,1345.0,CASH_OVERLIMIT
5452,SG,T9277645,SG14,sell,776.0,B05609,105204.0,QUANTITY_OVERLIMIT
5454,NY,T4439875,NY42,buy,692.0,B23639,1012.58,CASH_OVERLIMIT
5459,NY,T7375392,NY10,sell,459.0,B47982,1390.82,QUANTITY_OVERLIMIT
5462,NY,T4439875,NY41,sell,918.0,B27558,9600.5,QUANTITY_OVERLIMIT
5465,TOK,T3121807,TOK20,sell,234.0,B28917,1075.35,QUANTITY_OVERLIMIT
5470,SG,T5983248,SG03,sell,597.0,B04712,870.0,QUANTITY_OVERLIMIT
5471,SG,T9564084,SG22,sell,153.0,B28917,1075.35,QUANTITY_OVERLIMIT
5475,SG,T5983248,SG01,sell,935.0,B25841,6395.84,QUANTITY_OVERLIMIT
5479,HK,T6189452,HK22,sell,577.0,B31214,1345.0,QUANTITY_OVERLIMIT
5483,LON,T6326422,LON03,sell,134.0,B31538,2538.36,QUANTITY_OVERLIMIT
5488,HK,T3179669,HK31,sell,468.0,B28659,156378.0,QUANTITY_OVERLIMIT
5490,TOK,T9108891,TOK12,sell,788.0,B31538,2538.36,QUANTITY_OVERLIMIT
5495,SG,T5983248,SG05,sell,771.0,B11094,8526.0,QUANTITY_OVERLIMIT
5497,NY,T2078717,NY00,buy,118.0,B27023,711.0,CASH_OVERLIMIT
5504,NY,T4848015,NY31,sell,822.0,B31214,879.0,QUANTITY_OVERLIMIT
5511,NY,T4848015,NY32,sell,259.0,B08521,6820.28,QUANTITY_OVERLIMIT
5512,NY,T4439875,NY41,sell,501.0,B35648,89640.0,QUANTITY_OVERLIMIT
5518,NY,T7375392,NY12,sell,703.0,B31214,879.0,QUANTITY_OVERLIMIT
5528,NY,T4848015,NY30,sell,739.0,B17901,2201.5,QUANTITY_OVERLIMIT
5529,HK,T3800229,HK01,sell,378.0,B44611,522.0,QUANTITY_OVERLIMIT
5530,LON,T6326422,LON03,sell,987.0,B04712,870.0,QUANTITY_OVERLIMIT
5538,NY,T1087795,NY20,sell,892.0,B45918,7708.71,QUANTITY_OVERLIMIT
5549,SYD,T8621521,SYD01,sell,669.0,B18694,1858.71,QUANTITY_OVERLIMIT
5556,NY,T4848015,NY30,buy,467.0,B34105,1755.27,CASH_OVERLIMIT
5561,NY,T4848015,NY30,buy,974.0,B02473,4271.3,CASH_OVERLIMIT
5575,SYD,T8621521,SYD01,sell,642.0,B03283,985.8,QUANTITY_OVERLIMIT
5577,NY,T2078717,NY02,buy,586.0,B01774,1261.7,CASH_OVERLIMIT
5579,SG,T9564084,SG22,sell,886.0,B28659,103088.0,QUANTITY_OVERLIMIT
5586,NY,T4439875,NY40,sell,781.0,B27023,711.0,QUANTITY_OVERLIMIT
5590,NY,T1087795,NY20,buy,867.0,B28659,103088.0,CASH_OVERLIMIT
5604,NY,T2078717,NY01,buy,699.0,B45193,1361.6,CASH_OVERLIMIT
5612,NY,T2078717,NY02,sell,513.0,B38589,9408.56,QUANTITY_OVERLIMIT
5618,HK,T3800229,HK00,sell,568.0,B31538,1461.5,QUANTITY_OVERLIMIT
5620,NY,T1087795,NY21,sell,367.0,B34105,999.44,QUANTITY_OVERLIMIT
5622,TOK,T3121807,TOK24,sell,936.0,B01774,1039.7,QUANTITY_OVERLIMIT
5624,HK,T5727593,HK13,sell,954.0,B04712,501.0,QUANTITY_OVERLIMIT
5629,NY,T4848015,NY34,buy,593.0,B35648,168510.0,CASH_OVERLIMIT
5634,NY,T1087795,NY23,sell,853.0,B23639,1073.25,QUANTITY_OVERLIMIT
5639,LON,T2121033,LON25,sell,564.0,B17266,187416.0,QUANTITY_OVERLIMIT
5650,HK,T3179669,HK32,sell,716.0,B17266,187416.0,QUANTITY_OVERLIMIT
5654,TOK,T3121807,TOK25,sell,618.0,B45214,124168.0,QUANTITY_OVERLIMIT
5664,TOK,T9108891,TOK13,sell,833.0,B17901,1383.06,QUANTITY_OVERLIMIT
5668,LON,T6326422,LON00,sell,374.0,B16316,1249.0,QUANTITY_OVERLIMIT
5673,NY,T4848015,NY35,buy,712.0,B01774,1039.7,CASH_OVERLIMIT
5676,TOK,T3937126,TOK32,sell,284.0,B17266,187416.0,QUANTITY_OVERLIMIT
5680,NY,T4848015,NY31,sell,779.0,B48886,7437.0,QUANTITY_OVERLIMIT
5684,HK,T3800229,HK02,sell,127.0,B04712,1178.0,QUANTITY_OVERLIMIT
5688,TOK,T3937126,TOK30,sell,350.0,B17266,187416.0,QUANTITY_OVERLIMIT
5700,HK,T3800229,HK01,sell,499.0,B27023,711.0,QUANTITY_OVERLIMIT
5703,HK,T5727593,HK10,sell,449.0,B31538,897.45,QUANTITY_OVERLIMIT
5711,HK,T5727593,HK14,sell,235.0,B01774,2204.1,QUANTITY_OVERLIMIT
5722,SYD,T8621521,SYD01,sell,661.0,B08521,8225.54,QUANTITY_OVERLIMIT
5731,NY,T4848015,NY31,sell,884.0,B27023,1302.0,QUANTITY_OVERLIMIT
5736,SG,T9277645,SG11,sell,590.0,B45214,124168.0,QUANTITY_OVERLIMIT
5742,TOK,T2697765,TOK01,sell,573.0,B45193,2146.0,QUANTITY_OVERLIMIT
5752,NY,T1087795,NY21,sell,694.0,B31538,897.45,QUANTITY_OVERLIMIT
5759,NY,T2078717,NY02,buy,926.0,B04712,1063.0,CASH_OVERLIMIT
5763,NY,T1087795,NY21,buy,928.0,B17266,68952.0,CASH_OVERLIMIT
5764,HK,T5727593,HK12,sell,699.0,B27023,1302.0,QUANTITY_OVERLIMIT
5774,NY,T4439875,NY43,buy,631.0,B45918,4380.18,CASH_OVERLIMIT
5775,HK,T3800229,HK00,buy,365.0,B35648,161595.0,CASH_OVERLIMIT
5779,HK,T3179669,HK33,buy,939.0,B27558,4153.78,CASH_OVERLIMIT
5781,SG,T9564084,SG20,sell,620.0,B35648,161595.0,QUANTITY_OVERLIMIT
5783,NY,T7375392,NY12,sell,722.0,B35648,161595.0,QUANTITY_OVERLIMIT
5786,SG,T9564084,SG23,sell,854.0,B04712,1063.0,QUANTITY_OVERLIMIT
5792,LON,T7210244,LON11,sell,946.0,B11094,8526.0,QUANTITY_OVERLIMIT
5795,SYD,T8621521,SYD01,sell,991.0,B35479,4693.4,QUANTITY_OVERLIMIT
5817,HK,T3800229,HK01,sell,900.0,B03283,1208.52,QUANTITY_OVERLIMIT
5829,LON,T7210244,LON12,sell,206.0,B35479,5513.06,QUANTITY_OVERLIMIT
5833,SG,T5983248,SG04,sell,426.0,B35479,5513.06,QUANTITY_OVERLIMIT
5835,TOK,T3937126,TOK33,sell,467.0,B35479,5513.06,QUANTITY_OVERLIMIT
5837,SG,T9564084,SG21,sell,589.0,B03283,1208.52,QUANTITY_OVERLIMIT
5854,TOK,T9108891,TOK13,sell,659.0,B27023,1302.0,QUANTITY_OVERLIMIT
5856,HK,T5727593,HK11,sell,993.0,B25841,10562.95,QUANTITY_OVERLIMIT
5857,SG,T9564084,SG23,sell,259.0,B31214,949.0,QUANTITY_OVERLIMIT
5861,NY,T4439875,NY43,sell,275.0,B10340,6780.84,QUANTITY_OVERLIMIT
5865,HK,T5727593,HK12,buy,174.0,B31214,949.0,CASH_OVERLIMIT
5877,HK,T3179669,HK32,buy,532.0,B16316,681.0,CASH_OVERLIMIT
5883,HK,T6189452,HK23,sell,951.0,B44611,1023.0,QUANTITY_OVERLIMIT
5891,HK,T3800229,HK03,buy,693.0,B31214,949.0,CASH_OVERLIMIT
5892,SYD,T8621521,SYD00,sell,749.0,B08521,7636.12,QUANTITY_OVERLIMIT
5894,TOK,T9108891,TOK11,sell,723.0,B16316,681.0,QUANTITY_OVERLIMIT
5899,TOK,T9108891,TOK12,sell,894.0,B25841,10562.95,QUANTITY_OVERLIMIT
5905,LON,T2121033,LON25,sell,810.0,B18694,2217.29,QUANTITY_OVERLIMIT
5909,SYD,T8621521,SYD01,sell,880.0,B31538,1548.45,QUANTITY_OVERLIMIT
5911,HK,T3800229,HK04,sell,294.0,B10340,5044.3,QUANTITY_OVERLIMIT
5922,NY,T4439875,NY43,sell,329.0,B11094,7962.83,QUANTITY_OVERLIMIT
5923,NY,T7375392,NY13,sell,691.0,B45214,119860.0,QUANTITY_OVERLIMIT
5928,NY,T2078717,NY03,sell,746.0,B03283,1945.6,QUANTITY_OVERLIMIT
5929,TOK,T9108891,TOK11,sell,164.0,B25841,4715.8,QUANTITY_OVERLIMIT
5930,HK,T5727593,HK10,buy,438.0,B23639,1073.25,CASH_OVERLIMIT
5933,HK,T5727593,HK14,buy,687.0,B27558,4153.78,CASH_OVERLIMIT
5937,LON,T7210244,LON14,sell,328.0,B38589,8494.0,QUANTITY_OVERLIMIT
5939,NY,T2078717,NY02,buy,986.0,B31538,1548.45,CASH_OVERLIMIT
5942,NY,T1087795,NY20,sell,789.0,B45918,5502.48,QUANTITY_OVERLIMIT
5943,SG,T9564084,SG23,sell,987.0,B31538,1548.45,QUANTITY_OVERLIMIT
5945,TOK,T3937126,TOK30,sell,576.0,B48886,8110.3,QUANTITY_OVERLIMIT
5955,LON,T6326422,LON00,sell,987.0,B35648,161595.0,QUANTITY_OVERLIMIT
5962,TOK,T3121807,TOK23,sell,205.0,B47982,1406.16,QUANTITY_OVERLIMIT
5967,NY,T4439875,NY41,sell,509.0,B31538,1548.45,QUANTITY_OVERLIMIT
5968,NY,T4439875,NY41,sell,367.0,B17266,179400.0,QUANTITY_OVERLIMIT
5980,LON,T7210244,LON14,sell,965.0,B38589,8494.0,QUANTITY_OVERLIMIT
5981,NY,T4848015,NY31,sell,622.0,B44611,745.0,QUANTITY_OVERLIMIT
5985,HK,T3179669,HK32,sell,494.0,B48886,6182.8,QUANTITY_OVERLIMIT
5990,NY,T1087795,NY20,sell,198.0,B02473,6178.79,QUANTITY_OVERLIMIT
5992,LON,T7210244,LON14,sell,619.0,B02473,6178.79,QUANTITY_OVERLIMIT
5997,NY,T7375392,NY10,buy,180.0,B01774,1438.58,CASH_OVERLIMIT
5999,SG,T9277645,SG11,sell,410.0,B17901,1535.12,QUANTITY_OVERLIMIT
6005,NY,T1087795,NY21,buy,983.0,B45193,1173.11,CASH_OVERLIMIT
6008,NY,T4848015,NY34,sell,399.0,B31214,949.0,QUANTITY_OVERLIMIT
6011,HK,T6189452,HK23,sell,611.0,B35479,7721.91,QUANTITY_OVERLIMIT
6013,NY,T4439875,NY41,buy,930.0,B44611,745.0,CASH_OVERLIMIT
6019,HK,T6189452,HK21,buy,718.0,B28917,1387.44,CASH_OVERLIMIT
6027,LON,T6326422,LON01,sell,995.0,B38589,8494.0,QUANTITY_OVERLIMIT
6041,NY,T4439875,NY44,sell,978.0,B35479,7721.91,QUANTITY_OVERLIMIT
6043,NY,T2078717,NY01,buy,871.0,B28917,1387.44,CASH_OVERLIMIT
6046,HK,T3800229,HK03,buy,569.0,B31214,531.0,CASH_OVERLIMIT
6057,HK,T3179669,HK31,sell,432.0,B23639,1073.25,QUANTITY_OVERLIMIT
6060,TOK,T2697765,TOK04,sell,794.0,B02473,8017.12,QUANTITY_OVERLIMIT
6066,HK,T3179669,HK30,buy,287.0,B28917,1387.44,CASH_OVERLIMIT
6083,TOK,T3121807,TOK24,sell,425.0,B11094,7884.31,QUANTITY_OVERLIMIT
6085,SG,T5983248,SG01,sell,264.0,B23639,1073.25,QUANTITY_OVERLIMIT
6087,HK,T3179669,HK30,buy,267.0,B28917,1387.44,CASH_OVERLIMIT
6097,NY,T1087795,NY20,sell,316.0,B27558,8049.54,QUANTITY_OVERLIMIT
6099,SG,T9277645,SG10,sell,486.0,B17901,1178.09,QUANTITY_OVERLIMIT
6108,HK,T6189452,HK23,sell,277.0,B27558,8049.54,QUANTITY_OVERLIMIT
6111,SYD,T8621521,SYD00,sell,943.0,B01774,1438.58,QUANTITY_OVERLIMIT
6116,NY,T4439875,NY41,sell,135.0,B10340,8031.94,QUANTITY_OVERLIMIT
6120,SG,T9564084,SG23,sell,935.0,B01774,1438.58,QUANTITY_OVERLIMIT
6128,TOK,T9108891,TOK13,sell,167.0,B34105,2052.06,QUANTITY_OVERLIMIT
6133,SYD,T5521536,SYD12,sell,514.0,B27558,7763.02,QUANTITY_OVERLIMIT
6136,LON,T6326422,LON03,sell,100.0,B23639,1073.25,QUANTITY_OVERLIMIT
6137,NY,T4848015,NY30,buy,206.0,B18694,1724.99,CASH_OVERLIMIT
6141,TOK,T3937126,TOK33,sell,706.0,B44611,1250.0,QUANTITY_OVERLIMIT
6145,NY,T7375392,NY10,sell,640.0,B17266,106656.0,QUANTITY_OVERLIMIT
6147,NY,T4439875,NY42,buy,213.0,B16316,1031.0,CASH_OVERLIMIT
6157,NY,T7375392,NY11,buy,425.0,B03283,1610.82,CASH_OVERLIMIT
6160,SG,T5983248,SG01,sell,997.0,B17901,1178.09,QUANTITY_OVERLIMIT
6162,HK,T3179669,HK31,sell,411.0,B35479,9885.6,QUANTITY_OVERLIMIT
6168,HK,T5727593,HK13,sell,222.0,B10340,8031.94,QUANTITY_OVERLIMIT
6169,HK,T5727593,HK10,buy,818.0,B31214,1436.0,CASH_OVERLIMIT
6172,TOK,T3121807,TOK20,sell,304.0,B28917,1422.0,QUANTITY_OVERLIMIT
6176,HK,T3179669,HK32,sell,449.0,B10340,8031.94,QUANTITY_OVERLIMIT
6182,HK,T5727593,HK10,sell,217.0,B35479,9885.6,QUANTITY_OVERLIMIT
6199,HK,T3179669,HK30,sell,349.0,B17901,1354.65,QUANTITY_OVERLIMIT
6202,LON,T2121033,LON24,sell,305.0,B35479,9885.6,QUANTITY_OVERLIMIT
6204,SG,T9564084,SG20,sell,619.0,B35479,9885.6,QUANTITY_OVERLIMIT
6212,TOK,T3937126,TOK30,sell,223.0,B25841,6616.8,QUANTITY_OVERLIMIT
6218,SYD,T5521536,SYD12,sell,267.0,B28659,133320.0,QUANTITY_OVERLIMIT
6221,NY,T4439875,NY44,sell,676.0,B27023,618.0,QUANTITY_OVERLIMIT
6223,SYD,T8621521,SYD01,sell,862.0,B25841,6616.8,QUANTITY_OVERLIMIT
6236,NY,T7375392,NY10,sell,175.0,B28917,731.58,QUANTITY_OVERLIMIT
6237,TOK,T3121807,TOK24,sell,190.0,B48886,4387.3,QUANTITY_OVERLIMIT
6242,HK,T5727593,HK12,sell,726.0,B35479,6957.65,QUANTITY_OVERLIMIT
6244,NY,T4439875,NY40,sell,528.0,B35479,6957.65,QUANTITY_OVERLIMIT
6248,NY,T4439875,NY43,sell,218.0,B02473,6258.28,QUANTITY_OVERLIMIT
6249,SG,T9564084,SG21,sell,815.0,B17901,1385.7,QUANTITY_OVERLIMIT
6253,TOK,T3121807,TOK23,buy,459.0,B23639,1519.6,CASH_OVERLIMIT
6264,TOK,T2697765,TOK00,sell,432.0,B38589,8886.15,QUANTITY_OVERLIMIT
6269,LON,T7210244,LON12,buy,580.0,B44611,522.0,CASH_OVERLIMIT
6278,LON,T6326422,LON01,sell,960.0,B48886,4714.35,QUANTITY_OVERLIMIT
6282,TOK,T3121807,TOK24,sell,703.0,B35648,163800.0,QUANTITY_OVERLIMIT
6284,SYD,T5521536,SYD11,sell,712.0,B23639,1519.6,QUANTITY_OVERLIMIT
6285,LON,T2121033,LON23,buy,236.0,B04712,1390.0,CASH_OVERLIMIT
6294,HK,T6189452,HK20,buy,469.0,B05609,167773.0,CASH_OVERLIMIT
6297,LON,T7210244,LON12,sell,570.0,B35479,6957.65,QUANTITY_OVERLIMIT
6298,TOK,T3121807,TOK24,sell,580.0,B35479,6957.65,QUANTITY_OVERLIMIT
6301,TOK,T9108891,TOK10,sell,274.0,B18694,588.83,QUANTITY_OVERLIMIT
6309,TOK,T9108891,TOK10,sell,741.0,B11094,5787.29,QUANTITY_OVERLIMIT
6310,LON,T6326422,LON03,sell,526.0,B28659,84554.0,QUANTITY_OVERLIMIT
6313,TOK,T3121807,TOK25,sell,980.0,B35479,6957.65,QUANTITY_OVERLIMIT
6317,HK,T5727593,HK14,buy,289.0,B47982,1228.16,CASH_OVERLIMIT
6321,LON,T2121033,LON20,buy,624.0,B38589,6317.74,CASH_OVERLIMIT
6326,LON,T6326422,LON01,sell,104.0,B03283,1715.35,QUANTITY_OVERLIMIT
6327,LON,T6326422,LON02,sell,740.0,B16316,787.0,QUANTITY_OVERLIMIT
6329,NY,T4848015,NY34,buy,726.0,B17266,159192.0,CASH_OVERLIMIT
6334,SG,T9277645,SG14,sell,217.0,B47982,1741.96,QUANTITY_OVERLIMIT
6335,NY,T4848015,NY31,buy,867.0,B27558,6260.5,CASH_OVERLIMIT
6340,NY,T4848015,NY30,buy,410.0,B28659,84554.0,CASH_OVERLIMIT
6344,TOK,T3121807,TOK23,sell,579.0,B11094,5787.29,QUANTITY_OVERLIMIT
6355,NY,T7375392,NY10,sell,694.0,B02473,7136.48,QUANTITY_OVERLIMIT
6357,HK,T6189452,HK22,buy,549.0,B35648,85932.0,CASH_OVERLIMIT
6358,NY,T2078717,NY00,buy,419.0,B48886,9257.11,CASH_OVERLIMIT
6363,NY,T4439875,NY42,sell,132.0,B10340,4226.24,QUANTITY_OVERLIMIT
6368,HK,T3179669,HK32,buy,921.0,B03283,1715.35,CASH_OVERLIMIT
6369,HK,T3800229,HK03,buy,914.0,B47982,1741.96,CASH_OVERLIMIT
6375,NY,T4848015,NY33,sell,948.0,B28659,84554.0,QUANTITY_OVERLIMIT
6384,SG,T5983248,SG01,sell,403.0,B28659,84554.0,QUANTITY_OVERLIMIT
6394,NY,T4848015,NY34,buy,818.0,B27023,1398.0,CASH_OVERLIMIT
6399,SYD,T8621521,SYD03,sell,731.0,B27558,6260.5,QUANTITY_OVERLIMIT
6405,TOK,T2697765,TOK04,sell,604.0,B05609,167773.0,QUANTITY_OVERLIMIT
6414,TOK,T3121807,TOK24,sell,206.0,B31214,682.0,QUANTITY_OVERLIMIT
6415,HK,T5727593,HK12,sell,489.0,B01774,1212.75,QUANTITY_OVERLIMIT
6419,NY,T4848015,NY32,buy,515.0,B47982,1741.96,CASH_OVERLIMIT
6430,LON,T2121033,LON22,buy,818.0,B17901,2061.5,CASH_OVERLIMIT
6437,NY,T2078717,NY01,buy,639.0,B35648,133716.0,CASH_OVERLIMIT
6439,LON,T2121033,LON25,sell,874.0,B45918,6665.4,QUANTITY_OVERLIMIT
6441,NY,T2078717,NY04,buy,884.0,B45214,105627.0,CASH_OVERLIMIT
6444,TOK,T3937126,TOK30,buy,919.0,B23639,752.85,CASH_OVERLIMIT
6449,NY,T4848015,NY32,sell,524.0,B08521,5468.84,QUANTITY_OVERLIMIT
6453,LON,T6326422,LON01,sell,811.0,B18694,1122.45,QUANTITY_OVERLIMIT
6457,NY,T4848015,NY35,sell,993.0,B44611,894.0,QUANTITY_OVERLIMIT
6459,NY,T2078717,NY02,buy,510.0,B23639,752.85,CASH_OVERLIMIT
6476,NY,T7375392,NY10,sell,614.0,B34105,1031.69,QUANTITY_OVERLIMIT
6478,NY,T2078717,NY01,sell,170.0,B38589,6980.96,QUANTITY_OVERLIMIT
6479,LON,T2121033,LON22,sell,535.0,B25841,7781.1,QUANTITY_OVERLIMIT
6483,SYD,T5521536,SYD12,sell,699.0,B45193,851.7,QUANTITY_OVERLIMIT
6485,SG,T5983248,SG02,sell,973.0,B05609,167773.0,QUANTITY_OVERLIMIT
6487,TOK,T3937126,TOK30,buy,909.0,B01774,1212.75,CASH_OVERLIMIT
6489,NY,T4848015,NY31,sell,669.0,B25841,7781.1,QUANTITY_OVERLIMIT
6499,TOK,T3121807,TOK25,sell,733.0,B35479,10174.29,QUANTITY_OVERLIMIT
6503,HK,T6189452,HK23,buy,756.0,B45193,1800.9,CASH_OVERLIMIT
6506,NY,T2078717,NY03,buy,233.0,B02473,5277.96,CASH_OVERLIMIT
6522,HK,T3800229,HK02,sell,440.0,B08521,5468.84,QUANTITY_OVERLIMIT
6523,LON,T6326422,LON01,buy,400.0,B23639,1515.75,CASH_OVERLIMIT
6528,NY,T1087795,NY21,buy,843.0,B31214,1354.0,CASH_OVERLIMIT
6538,TOK,T9108891,TOK12,sell,553.0,B17901,1299.78,QUANTITY_OVERLIMIT
6542,HK,T5727593,HK13,buy,374.0,B28917,1027.04,CASH_OVERLIMIT
6544,NY,T2078717,NY01,sell,768.0,B23639,1515.75,QUANTITY_OVERLIMIT
6545,LON,T7210244,LON12,sell,468.0,B28659,187233.0,QUANTITY_OVERLIMIT
6546,LON,T7210244,LON13,sell,536.0,B35479,10174.29,QUANTITY_OVERLIMIT
6561,NY,T4848015,NY31,sell,985.0,B02473,5277.96,QUANTITY_OVERLIMIT
6563,LON,T7210244,LON14,sell,382.0,B27558,5351.64,QUANTITY_OVERLIMIT
6566,TOK,T3937126,TOK33,buy,881.0,B01774,1212.75,CASH_OVERLIMIT
6569,TOK,T9108891,TOK10,buy,983.0,B28917,1027.04,CASH_OVERLIMIT
6576,LON,T7210244,LON10,sell,660.0,B02473,5094.66,QUANTITY_OVERLIMIT
6590,SG,T9564084,SG20,sell,785.0,B47982,1699.84,QUANTITY_OVERLIMIT
6593,NY,T7375392,NY12,buy,599.0,B38589,6980.96,CASH_OVERLIMIT
6596,LON,T7210244,LON12,buy,980.0,B05609,167773.0,CASH_OVERLIMIT
6599,NY,T4848015,NY34,buy,787.0,B25841,7928.39,CASH_OVERLIMIT
6614,LON,T7210244,LON13,buy,677.0,B44611,1097.0,CASH_OVERLIMIT
6622,SYD,T8621521,SYD03,sell,314.0,B45918,5067.28,QUANTITY_OVERLIMIT
6623,LON,T7210244,LON11,sell,810.0,B03283,1653.96,QUANTITY_OVERLIMIT
6626,TOK,T3121807,TOK21,buy,125.0,B27023,989.0,CASH_OVERLIMIT
6627,SYD,T5521536,SYD13,sell,157.0,B16316,558.0,QUANTITY_OVERLIMIT
6632,HK,T3800229,HK03,sell,547.0,B48886,6124.67,QUANTITY_OVERLIMIT
6634,TOK,T3121807,TOK21,buy,979.0,B18694,1933.11,CASH_OVERLIMIT
6636,NY,T1087795,NY22,sell,312.0,B04712,1155.0,QUANTITY_OVERLIMIT
6643,TOK,T2697765,TOK04,buy,280.0,B11094,4741.45,CASH_OVERLIMIT
6652,NY,T2078717,NY04,sell,387.0,B08521,5425.2,QUANTITY_OVERLIMIT
6653,TOK,T9108891,TOK11,sell,240.0,B11094,4741.45,QUANTITY_OVERLIMIT
6654,LON,T6326422,LON04,buy,960.0,B05609,154146.0,CASH_OVERLIMIT
6657,NY,T1087795,NY23,buy,781.0,B45214,66660.0,CASH_OVERLIMIT
6658,TOK,T3121807,TOK20,sell,478.0,B31214,1354.0,QUANTITY_OVERLIMIT
6659,TOK,T2697765,TOK02,buy,173.0,B47982,1699.84,CASH_OVERLIMIT
6668,HK,T6189452,HK20,sell,193.0,B02473,5094.66,QUANTITY_OVERLIMIT
6671,NY,T1087795,NY20,buy,321.0,B25841,3755.16,CASH_OVERLIMIT
6673,NY,T1087795,NY22,buy,498.0,B03283,1072.26,CASH_OVERLIMIT
6678,HK,T5727593,HK12,sell,485.0,B01774,532.0,QUANTITY_OVERLIMIT
6684,NY,T4439875,NY44,buy,873.0,B45214,66660.0,CASH_OVERLIMIT
6688,NY,T4848015,NY34,buy,855.0,B08521,4839.75,CASH_OVERLIMIT
6690,HK,T6189452,HK22,buy,548.0,B35479,10694.52,CASH_OVERLIMIT
6699,NY,T1087795,NY22,sell,596.0,B01774,532.0,QUANTITY_OVERLIMIT
6700,HK,T6189452,HK21,buy,779.0,B25841,3755.16,CASH_OVERLIMIT
6701,TOK,T3121807,TOK21,buy,739.0,B45214,66660.0,CASH_OVERLIMIT
6705,LON,T2121033,LON22,sell,723.0,B31538,623.0,QUANTITY_OVERLIMIT
6708,LON,T7210244,LON12,buy,340.0,B27023,1129.0,CASH_OVERLIMIT
6723,TOK,T3121807,TOK22,sell,377.0,B17901,1868.25,QUANTITY_OVERLIMIT
6736,SYD,T5521536,SYD11,sell,634.0,B10340,8547.84,QUANTITY_OVERLIMIT
6741,HK,T5727593,HK10,buy,413.0,B47982,1350.79,CASH_OVERLIMIT
6742,SG,T9277645,SG12,sell,231.0,B31538,623.0,QUANTITY_OVERLIMIT
6745,LON,T7210244,LON13,buy,424.0,B28659,84612.0,CASH_OVERLIMIT
6749,TOK,T9108891,TOK10,buy,683.0,B31538,623.0,CASH_OVERLIMIT
6750,TOK,T9108891,TOK12,buy,815.0,B11094,4036.5,CASH_OVERLIMIT
6753,LON,T7210244,LON12,sell,856.0,B05609,127512.0,QUANTITY_OVERLIMIT
6754,TOK,T9108891,TOK13,sell,294.0,B38589,6980.96,QUANTITY_OVERLIMIT
6758,LON,T7210244,LON11,sell,207.0,B45193,1398.88,QUANTITY_OVERLIMIT
6764,HK,T3800229,HK01,sell,351.0,B31538,623.0,QUANTITY_OVERLIMIT
6767,SYD,T8621521,SYD03,sell,713.0,B17901,1868.25,QUANTITY_OVERLIMIT
6773,SYD,T5521536,SYD13,sell,428.0,B01774,944.28,QUANTITY_OVERLIMIT
6789,SG,T5983248,SG03,sell,175.0,B31538,1031.25,QUANTITY_OVERLIMIT
6790,LON,T6326422,LON01,sell,841.0,B45918,5845.5,QUANTITY_OVERLIMIT
6795,HK,T6189452,HK23,sell,938.0,B17266,139808.0,QUANTITY_OVERLIMIT
6812,NY,T4848015,NY33,sell,529.0,B16316,558.0,QUANTITY_OVERLIMIT
6820,TOK,T9108891,TOK12,sell,788.0,B35479,10694.52,QUANTITY_OVERLIMIT
6827,NY,T2078717,NY03,sell,380.0,B27558,7385.6,QUANTITY_OVERLIMIT
6829,NY,T7375392,NY13,buy,622.0,B08521,8598.96,CASH_OVERLIMIT
6836,TOK,T2697765,TOK03,buy,756.0,B45214,134275.0,CASH_OVERLIMIT
6838,SYD,T5521536,SYD11,sell,118.0,B45193,1200.59,QUANTITY_OVERLIMIT
6845,LON,T7210244,LON11,buy,498.0,B17266,139808.0,CASH_OVERLIMIT
6846,NY,T2078717,NY03,sell,985.0,B38589,6980.96,QUANTITY_OVERLIMIT
6862,TOK,T3121807,TOK22,sell,557.0,B11094,9201.6,QUANTITY_OVERLIMIT
6867,TOK,T2697765,TOK00,buy,582.0,B23639,1669.92,CASH_OVERLIMIT
6869,HK,T3179669,HK31,sell,942.0,B17901,878.7,QUANTITY_OVERLIMIT
6871,NY,T4848015,NY31,sell,492.0,B31214,1030.0,QUANTITY_OVERLIMIT
6872,HK,T3800229,HK00,buy,858.0,B23639,1669.92,CASH_OVERLIMIT
6886,SYD,T5521536,SYD11,sell,746.0,B27023,802.0,QUANTITY_OVERLIMIT
6891,TOK,T3121807,TOK23,buy,481.0,B35648,138856.0,CASH_OVERLIMIT
6895,TOK,T3121807,TOK25,buy,490.0,B18694,1057.68,CASH_OVERLIMIT
6897,LON,T2121033,LON22,buy,867.0,B28659,97416.0,CASH_OVERLIMIT
6901,NY,T4439875,NY44,sell,587.0,B28917,758.35,QUANTITY_OVERLIMIT
6903,LON,T2121033,LON24,sell,303.0,B27023,802.0,QUANTITY_OVERLIMIT
6920,HK,T6189452,HK23,sell,174.0,B25841,4932.52,QUANTITY_OVERLIMIT
6927,TOK,T3121807,TOK23,sell,750.0,B03283,1066.83,QUANTITY_OVERLIMIT
6933,HK,T3179669,HK30,buy,559.0,B35648,138856.0,CASH_OVERLIMIT
6937,LON,T7210244,LON11,sell,479.0,B38589,8413.4,QUANTITY_OVERLIMIT
6941,LON,T7210244,LON10,buy,131.0,B11094,5084.4,CASH_OVERLIMIT
6963,TOK,T3121807,TOK24,buy,606.0,B25841,4932.52,CASH_OVERLIMIT
6966,LON,T2121033,LON25,sell,650.0,B17901,878.7,QUANTITY_OVERLIMIT
6970,NY,T7375392,NY11,sell,180.0,B02473,10527.6,QUANTITY_OVERLIMIT
6973,LON,T6326422,LON03,sell,866.0,B27023,562.0,QUANTITY_OVERLIMIT
6975,HK,T5727593,HK10,buy,402.0,B45214,182347.0,CASH_OVERLIMIT
6976,TOK,T3121807,TOK21,sell,674.0,B35648,167688.0,QUANTITY_OVERLIMIT
6981,NY,T1087795,NY23,sell,951.0,B11094,5084.4,QUANTITY_OVERLIMIT
6985,HK,T3179669,HK30,buy,678.0,B48886,9109.1,CASH_OVERLIMIT
